Timestamp,Equipment_ID,Sensor1,Sensor2,Sensor3,Failure
2025-01-01 00:00:00,EQ_004,75.54697397302446,0.5298752908365686,112.65826201221505,0
2025-01-01 00:05:00,EQ_005,78.62883311949346,0.4248208949904816,120.8199555641356,1
2025-01-01 00:10:00,EQ_003,77.40504615868356,0.4573642403794457,124.57280404615241,0
2025-01-01 00:15:00,EQ_005,76.11942012139566,0.6148445709196755,134.55822322146767,0
2025-01-01 00:20:00,EQ_005,71.04762772277344,0.5113270410537765,127.04506539824723,0
2025-01-01 00:25:00,EQ_002,77.35734178567998,0.3561722021682633,127.89056687375519,0
2025-01-01 00:30:00,EQ_003,84.41012248237517,0.5919228934575204,120.8382662792936,0
2025-01-01 00:35:00,EQ_003,81.7271002307749,0.4331855914461006,134.10459145203504,0
2025-01-01 00:40:00,EQ_003,82.96593313319698,0.6873297776217546,124.09762795959497,0
2025-01-01 00:45:00,EQ_005,72.44392161784407,0.6080048065714648,111.3891208982643,0
2025-01-01 00:50:00,EQ_004,70.0519758987071,0.4552678104341249,134.03369970125192,0
2025-01-01 00:55:00,EQ_003,74.37106539950176,0.6281016361735113,126.97903272539028,0
2025-01-01 01:00:00,EQ_005,75.27862456144348,0.5067855510527404,115.56955978871518,0
2025-01-01 01:05:00,EQ_002,80.47095759235474,0.5852773675122219,115.20507032600757,0
2025-01-01 01:10:00,EQ_004,66.5376768514259,0.5484732817294475,122.96575545140762,0
2025-01-01 01:15:00,EQ_002,82.64775159730307,0.41536433450091265,124.63184795267584,0
2025-01-01 01:20:00,EQ_004,74.20996050710505,0.4356450167682538,121.97292265631206,0
2025-01-01 01:25:00,EQ_005,72.8655946502629,0.6029960817581161,123.11308673442885,0
2025-01-01 01:30:00,EQ_001,69.93947812369916,0.4665224667893459,136.9995737457638,0
2025-01-01 01:35:00,EQ_004,66.72571664067115,0.4596351536758003,130.71543152234887,0
2025-01-01 01:40:00,EQ_002,79.11585291980957,0.4044877420650647,121.90635591265024,0
2025-01-01 01:45:00,EQ_005,75.36658983594202,0.5423599065593461,129.41310580767484,0
2025-01-01 01:50:00,EQ_004,68.55019550129472,0.7062524919243145,109.67476096472461,0
2025-01-01 01:55:00,EQ_001,68.52460613968192,0.3932467085745727,123.97927049946809,0
2025-01-01 02:00:00,EQ_001,73.32107650354936,0.5024219456672758,138.09306349733112,1
2025-01-01 02:05:00,EQ_003,83.34510762644696,0.6412220555415429,117.81954104607627,0
2025-01-01 02:10:00,EQ_003,73.70204324318198,0.4920358608754285,111.52366071380915,0
2025-01-01 02:15:00,EQ_002,67.48428523440947,0.5452371796249734,113.4791111140694,0
2025-01-01 02:20:00,EQ_004,73.77128467957027,0.393760647185312,109.10366962657612,0
2025-01-01 02:25:00,EQ_004,73.63638215126164,0.5428307097207649,112.15238091872297,0
2025-01-01 02:30:00,EQ_003,61.515566785292144,0.48128557349954515,116.2949190140997,0
2025-01-01 02:35:00,EQ_004,74.72852566741093,0.5985729995679863,105.94432980821358,0
2025-01-01 02:40:00,EQ_004,73.84532734895662,0.6187386051564752,120.15618333949602,0
2025-01-01 02:45:00,EQ_001,78.48103182406709,0.7589563642018614,129.02277173786646,0
2025-01-01 02:50:00,EQ_003,84.24478047472672,0.5579633173213576,110.9224381985308,0
2025-01-01 02:55:00,EQ_005,80.63282514773879,0.5325796316582166,135.19283923641768,0
2025-01-01 03:00:00,EQ_003,73.65555654722584,0.5194384301577336,125.10792088527595,0
2025-01-01 03:05:00,EQ_005,69.46737045629165,0.4646833707189312,130.30580585624057,0
2025-01-01 03:10:00,EQ_001,87.8667990162493,0.5338483843461691,113.42165446147862,0
2025-01-01 03:15:00,EQ_002,75.29609217007244,0.47045985898609705,128.54525227066617,0
2025-01-01 03:20:00,EQ_004,75.06964645956474,0.5168460976269614,109.08066099604687,0
2025-01-01 03:25:00,EQ_001,74.87937456444999,0.631759753560796,128.9024750083651,0
2025-01-01 03:30:00,EQ_004,75.99042380383928,0.3993457434720359,121.71839339793532,0
2025-01-01 03:35:00,EQ_002,74.27819794038028,0.6139878561129045,125.53251219984784,0
2025-01-01 03:40:00,EQ_002,72.13168996559882,0.6317115067339866,108.24405394375148,0
2025-01-01 03:45:00,EQ_001,72.26570529379804,0.48819314730089214,111.04930157723395,0
2025-01-01 03:50:00,EQ_002,74.83623364892001,0.2878145100991405,125.97228218253385,0
2025-01-01 03:55:00,EQ_005,72.28287614433117,0.43921780129055676,110.51651995775799,0
2025-01-01 04:00:00,EQ_002,71.43577108661418,0.629699454656111,124.63206292099123,0
2025-01-01 04:05:00,EQ_004,75.53215113845948,0.4977131937701118,106.32862193539754,0
2025-01-01 04:10:00,EQ_004,73.72511391289572,0.4000697767705089,128.4817421266667,0
2025-01-01 04:15:00,EQ_004,82.51996494291345,0.44952250787717823,107.67476685231492,1
2025-01-01 04:20:00,EQ_004,61.74515095803494,0.5840620026504553,125.52299937679523,0
2025-01-01 04:25:00,EQ_005,80.45753425961232,0.554673356820138,126.25630933646,0
2025-01-01 04:30:00,EQ_003,81.23042596248814,0.4761067900830306,113.03228181570425,0
2025-01-01 04:35:00,EQ_001,64.63304883795925,0.46331755881853126,125.82026567084726,0
2025-01-01 04:40:00,EQ_004,73.28656202959826,0.4608241850956178,122.60442263333556,0
2025-01-01 04:45:00,EQ_002,73.14279567002104,0.4077589815501497,114.61158143807262,0
2025-01-01 04:50:00,EQ_004,67.9624415264109,0.6615375689469442,109.91445315923792,0
2025-01-01 04:55:00,EQ_002,71.11091656204562,0.467767953078866,100.3737430832742,0
2025-01-01 05:00:00,EQ_002,69.44712077267086,0.6217158520825496,123.49650047299694,0
2025-01-01 05:05:00,EQ_004,83.76135221711812,0.6521316051922451,104.35197228637945,0
2025-01-01 05:10:00,EQ_005,79.6783919657373,0.599831089814796,120.95344199441308,0
2025-01-01 05:15:00,EQ_002,81.3577754749708,0.45683796872819515,117.36551783917751,0
2025-01-01 05:20:00,EQ_002,78.60836032021618,0.5403730090336609,126.79142775438196,0
2025-01-01 05:25:00,EQ_004,69.35474114391386,0.4975804393609084,116.97954500510136,0
2025-01-01 05:30:00,EQ_002,72.37739866860113,0.40962981392698716,116.70552213652908,0
2025-01-01 05:35:00,EQ_002,77.4468728061396,0.5324359281721603,127.31870704288295,0
2025-01-01 05:40:00,EQ_004,68.88936095554027,0.3820960208840197,123.35058029084118,0
2025-01-01 05:45:00,EQ_004,78.56499215086194,0.6187679388461564,123.16155957182778,0
2025-01-01 05:50:00,EQ_001,73.79837300920933,0.4535382702701607,124.69267589808527,0
2025-01-01 05:55:00,EQ_005,73.12589596225202,0.5201159655872839,104.64427876792894,0
2025-01-01 06:00:00,EQ_005,78.55479984101746,0.5283287871546142,127.56788679986983,0
2025-01-01 06:05:00,EQ_002,77.2213165574302,0.4741095026295923,126.12468794013603,0
2025-01-01 06:10:00,EQ_005,73.1951691709046,0.5586693801475274,109.83316871423503,0
2025-01-01 06:15:00,EQ_002,80.79664901682123,0.45250963433774755,117.55919526325799,0
2025-01-01 06:20:00,EQ_001,69.59468336200051,0.5871297297457244,119.6069271237237,0
2025-01-01 06:25:00,EQ_004,78.07967803472133,0.36540203197532517,118.65503215598267,0
2025-01-01 06:30:00,EQ_004,77.96550628984193,0.5126379579546412,123.33859966568535,0
2025-01-01 06:35:00,EQ_004,73.45226780343005,0.6938928999058285,134.31366781831184,0
2025-01-01 06:40:00,EQ_005,76.63066511121059,0.39996686753944255,130.8176672767283,0
2025-01-01 06:45:00,EQ_001,68.74443211807349,0.43222550294751483,106.87780806568594,0
2025-01-01 06:50:00,EQ_005,79.6201350960345,0.5513907849658914,126.22069990306049,0
2025-01-01 06:55:00,EQ_005,74.07548931778506,0.5179581781939598,133.2893331953541,0
2025-01-01 07:00:00,EQ_001,72.38638489740481,0.5350630099273559,123.86808520689203,0
2025-01-01 07:05:00,EQ_001,80.24504612918444,0.5489187130147664,130.90980425185967,0
2025-01-01 07:10:00,EQ_001,71.4782815472862,0.563472146856177,140.12270445700764,0
2025-01-01 07:15:00,EQ_001,67.9576935181822,0.6109699841956223,130.23709546106983,0
2025-01-01 07:20:00,EQ_004,67.21685413238048,0.5409818656928512,122.49308595641729,0
2025-01-01 07:25:00,EQ_003,78.0300497567282,0.47587423453814576,130.45088474084753,0
2025-01-01 07:30:00,EQ_003,68.59785323751859,0.5672573701202731,121.44887833096891,0
2025-01-01 07:35:00,EQ_001,83.77397090992183,0.6899881934895216,120.23903043284956,0
2025-01-01 07:40:00,EQ_003,64.59035296058138,0.48673662536174267,116.48585764286267,0
2025-01-01 07:45:00,EQ_003,83.48228184145019,0.40254706953293584,135.63413358832108,1
2025-01-01 07:50:00,EQ_001,76.05508733601309,0.6107080669286973,111.81571334057999,0
2025-01-01 07:55:00,EQ_003,74.51643444064804,0.48796188360464016,135.32367724678116,0
2025-01-01 08:00:00,EQ_005,72.27540456595526,0.28273304539859634,124.99864123740372,0
2025-01-01 08:05:00,EQ_002,76.99568057176036,0.5847421677150422,106.00693825198059,0
2025-01-01 08:10:00,EQ_002,74.81182648787576,0.4464671814046077,123.67649292991422,0
2025-01-01 08:15:00,EQ_001,80.5165094100826,0.4909466717695839,98.99973492348376,0
2025-01-01 08:20:00,EQ_004,75.5711382433102,0.5331980330569015,126.25508016831036,0
2025-01-01 08:25:00,EQ_001,75.75150880730939,0.5190499679779066,128.8523148298899,0
2025-01-01 08:30:00,EQ_004,73.18193893893073,0.570945181713904,114.07644044347947,0
2025-01-01 08:35:00,EQ_002,74.71527188139466,0.4564513629430157,121.23547695955583,0
2025-01-01 08:40:00,EQ_001,76.5390088444603,0.5513105798176082,139.54157433750285,0
2025-01-01 08:45:00,EQ_005,66.44915803671687,0.4740453322416083,114.94253295738064,1
2025-01-01 08:50:00,EQ_003,68.25907288947144,0.5738810480887503,109.410924129434,0
2025-01-01 08:55:00,EQ_004,78.71632047011357,0.5615367484013053,134.81663402462598,0
2025-01-01 09:00:00,EQ_003,75.85432719063971,0.40645612979554047,139.62587190530795,0
2025-01-01 09:05:00,EQ_003,74.0800833182366,0.6085982116175033,120.03695671847848,0
2025-01-01 09:10:00,EQ_001,75.09216966532696,0.4464036554885952,130.11463035408357,0
2025-01-01 09:15:00,EQ_003,76.73790852680835,0.5808057798281145,133.41475915530881,0
2025-01-01 09:20:00,EQ_005,72.30120159845319,0.5367287313401341,112.57515767461616,0
2025-01-01 09:25:00,EQ_003,71.10847637298843,0.6838183676795122,115.14694164632132,0
2025-01-01 09:30:00,EQ_001,75.9792262754884,0.4776534017628148,132.30874513154734,0
2025-01-01 09:35:00,EQ_005,70.10813611192484,0.46506832038818025,136.8501427870851,1
2025-01-01 09:40:00,EQ_002,77.04126377857236,0.4980580394112267,125.62880860174354,0
2025-01-01 09:45:00,EQ_003,66.48708197881079,0.4696820217165725,111.20185646497946,0
2025-01-01 09:50:00,EQ_001,80.14577818662822,0.579994190194205,139.8706111169944,0
2025-01-01 09:55:00,EQ_002,77.36298741206521,0.3383689391563412,114.69029102188036,0
2025-01-01 10:00:00,EQ_002,76.28014867156938,0.3946317580853646,116.64862218828549,0
2025-01-01 10:05:00,EQ_004,79.91345491972757,0.3932197078420807,123.42337834489622,0
2025-01-01 10:10:00,EQ_005,83.32737222231289,0.5950307591973576,135.54160420714774,0
2025-01-01 10:15:00,EQ_003,80.07185032509065,0.6710613372581925,128.53975976552223,0
2025-01-01 10:20:00,EQ_001,65.79562884334177,0.4895550781462529,124.1486550036191,0
2025-01-01 10:25:00,EQ_004,68.6021151663215,0.4831178276809989,124.63288530118106,0
2025-01-01 10:30:00,EQ_005,71.8759071115216,0.5070052163113181,120.43514668643466,0
2025-01-01 10:35:00,EQ_004,75.13045525105417,0.616187830260819,125.58139514518507,0
2025-01-01 10:40:00,EQ_005,77.58829510234561,0.4072646865809426,94.70439922305697,0
2025-01-01 10:45:00,EQ_005,71.37128093423267,0.5238368982734785,117.03392540930201,0
2025-01-01 10:50:00,EQ_003,75.9338338223854,0.5975197629782429,122.4132193491678,0
2025-01-01 10:55:00,EQ_005,71.22308533823339,0.5501094169939845,108.48985916380494,0
2025-01-01 11:00:00,EQ_004,71.94241098504025,0.5189581616598743,123.86323317811559,0
2025-01-01 11:05:00,EQ_005,67.96669451575889,0.6001046092567142,117.95528779013878,1
2025-01-01 11:10:00,EQ_003,70.38383376944547,0.22967677070007625,137.5547569831549,0
2025-01-01 11:15:00,EQ_003,68.24157697191833,0.5677875319530907,135.73019725214857,0
2025-01-01 11:20:00,EQ_004,70.12063373511333,0.4345924316872576,115.34194430881837,0
2025-01-01 11:25:00,EQ_002,80.2682089830392,0.31693671031435433,118.49162288433304,0
2025-01-01 11:30:00,EQ_002,70.25300555584029,0.551120259952498,119.26052434391607,0
2025-01-01 11:35:00,EQ_005,88.16191032418695,0.6373658545162958,115.48340523840378,0
2025-01-01 11:40:00,EQ_001,77.46658950440445,0.48625514853723084,121.95024984028127,0
2025-01-01 11:45:00,EQ_005,75.92418061847437,0.5952874547202939,112.4171793111241,0
2025-01-01 11:50:00,EQ_004,70.70821109909393,0.6612278257988645,108.69384665062474,0
2025-01-01 11:55:00,EQ_004,78.50154939704495,0.6314914453584047,126.22711223900268,0
2025-01-01 12:00:00,EQ_004,72.12181086881112,0.6639964529371393,126.29529584221811,0
2025-01-01 12:05:00,EQ_004,75.6100490732268,0.5742127491071892,111.95684240340007,0
2025-01-01 12:10:00,EQ_004,87.80042269134397,0.5075433638901593,128.953554307626,0
2025-01-01 12:15:00,EQ_003,74.51970050137675,0.33980341881028314,113.68422270834668,0
2025-01-01 12:20:00,EQ_002,80.74636663142837,0.47539375118700516,122.53165238037981,0
2025-01-01 12:25:00,EQ_004,71.48411787437057,0.41567534046838084,128.20344012612455,0
2025-01-01 12:30:00,EQ_001,74.82505754751519,0.7170942717497814,119.66387435296286,0
2025-01-01 12:35:00,EQ_001,83.85400317817755,0.48241141875676635,124.54740912141135,0
2025-01-01 12:40:00,EQ_001,71.86516471106117,0.5123204806784486,114.83570356112428,0
2025-01-01 12:45:00,EQ_001,84.06224278998465,0.5551485376040468,118.03533416571902,0
2025-01-01 12:50:00,EQ_003,78.53875967727738,0.5043602446372454,117.9414056911966,0
2025-01-01 12:55:00,EQ_001,72.18766612052866,0.6695051040430753,112.53421653459762,0
2025-01-01 13:00:00,EQ_004,78.1620386952776,0.4377350638265548,118.23225836884218,0
2025-01-01 13:05:00,EQ_005,79.86277224813365,0.5194607455237242,104.51381701136253,0
2025-01-01 13:10:00,EQ_001,78.10904981108598,0.42575294143019515,115.08846252857896,0
2025-01-01 13:15:00,EQ_003,67.14887640054772,0.3679977488779294,117.15124506630329,1
2025-01-01 13:20:00,EQ_003,71.36431412087566,0.43882309090947147,117.4382024750462,0
2025-01-01 13:25:00,EQ_001,73.76240682224248,0.4962963202951588,117.58502554129221,0
2025-01-01 13:30:00,EQ_005,74.62783285449977,0.457069777548274,119.38235800139871,0
2025-01-01 13:35:00,EQ_001,78.10336048775339,0.4307579020126144,124.79441518086064,0
2025-01-01 13:40:00,EQ_003,75.88850500466627,0.3593682536328166,128.74517074132524,0
2025-01-01 13:45:00,EQ_002,68.32327820644949,0.4916894427371305,113.50234773151733,0
2025-01-01 13:50:00,EQ_004,76.90098925502981,0.3495279625968998,107.96799144610856,0
2025-01-01 13:55:00,EQ_003,78.05292872641911,0.5760055963689603,109.57955587756896,0
2025-01-01 14:00:00,EQ_001,77.7989522396552,0.5082439752934503,115.12797078805073,0
2025-01-01 14:05:00,EQ_004,80.4039036277731,0.3542448500535069,116.48078682183491,0
2025-01-01 14:10:00,EQ_001,79.16961077274452,0.46907909229501366,112.30003933802543,0
2025-01-01 14:15:00,EQ_001,77.29590039614219,0.4247843594409417,107.03883335750106,0
2025-01-01 14:20:00,EQ_002,74.64917144270676,0.531917451041918,115.43879172525811,0
2025-01-01 14:25:00,EQ_004,66.69519533242004,0.6340450446023145,121.81426620113972,0
2025-01-01 14:30:00,EQ_004,77.14809109566293,0.3124827530354255,125.95029465835565,0
2025-01-01 14:35:00,EQ_002,76.03843843581555,0.5115026079147417,114.42576946891678,1
2025-01-01 14:40:00,EQ_003,76.35789418597686,0.48398672044333596,115.87002177856566,0
2025-01-01 14:45:00,EQ_001,68.61625712089845,0.5671340076450466,110.73301691152689,1
2025-01-01 14:50:00,EQ_005,69.59471729795868,0.521319662823769,119.68560829625224,0
2025-01-01 14:55:00,EQ_001,80.26576426666452,0.42480306682611807,111.51571365809185,0
2025-01-01 15:00:00,EQ_001,74.80222423071673,0.46809460643333817,125.731278132412,0
2025-01-01 15:05:00,EQ_003,78.40750348686312,0.4203974143196511,102.14133508065889,1
2025-01-01 15:10:00,EQ_001,75.1415918806523,0.6076007138598598,116.40370327547538,0
2025-01-01 15:15:00,EQ_002,75.14878069747873,0.5021311648671942,123.01107339191742,0
2025-01-01 15:20:00,EQ_002,79.69141902988,0.6901190685753007,121.83834516322504,0
2025-01-01 15:25:00,EQ_004,72.41977635891313,0.4939339186185379,146.93033663980498,0
2025-01-01 15:30:00,EQ_005,75.48060388470492,0.42915932330895373,123.49800024567908,0
2025-01-01 15:35:00,EQ_001,72.6886235564748,0.3486285607387173,109.9594540315799,0
2025-01-01 15:40:00,EQ_001,72.82751886283842,0.3196860323744055,119.04535752910927,0
2025-01-01 15:45:00,EQ_003,73.4541393826568,0.341586405699451,102.23753666533548,0
2025-01-01 15:50:00,EQ_002,76.11066885816857,0.5267126651011483,119.1940025070324,0
2025-01-01 15:55:00,EQ_005,72.60625689168262,0.5508725023229933,111.66943942999241,0
2025-01-01 16:00:00,EQ_004,81.2787806278676,0.34188092979678664,129.15390275560162,0
2025-01-01 16:05:00,EQ_002,70.52696348890248,0.5895038314076115,114.50459725404465,0
2025-01-01 16:10:00,EQ_004,74.0656417791932,0.45169389483165606,118.83234084204753,0
2025-01-01 16:15:00,EQ_003,72.80134470862913,0.514679301198555,113.64442158595597,0
2025-01-01 16:20:00,EQ_003,82.23488942176867,0.6612220628255424,137.3885135185333,0
2025-01-01 16:25:00,EQ_001,75.98277388255788,0.5896839315865532,116.78757233882088,0
2025-01-01 16:30:00,EQ_005,80.15922269734317,0.47314693520941675,138.325570434792,0
2025-01-01 16:35:00,EQ_004,67.57219813481514,0.41088077745847124,128.14151762118266,0
2025-01-01 16:40:00,EQ_002,76.33525132934629,0.2848184598670695,124.82066727335386,0
2025-01-01 16:45:00,EQ_003,79.44815397811719,0.42808466807575796,123.68733147317519,0
2025-01-01 16:50:00,EQ_001,75.41141994637712,0.4788869761172306,123.93797298216252,0
2025-01-01 16:55:00,EQ_001,80.32740187532676,0.4012820472848816,100.72327420654389,0
2025-01-01 17:00:00,EQ_004,72.41355774949814,0.48687430329076953,117.21116605849244,0
2025-01-01 17:05:00,EQ_003,82.0467372009279,0.5076851882958768,128.4515797118432,0
2025-01-01 17:10:00,EQ_005,86.49449061809625,0.47751440181919214,119.51102816525895,0
2025-01-01 17:15:00,EQ_003,73.18580719780171,0.434999741917654,105.94810153196426,1
2025-01-01 17:20:00,EQ_004,72.77248739299614,0.5168654671966728,119.4759554942253,0
2025-01-01 17:25:00,EQ_004,82.2669223855885,0.5441940649569409,137.04105516255493,0
2025-01-01 17:30:00,EQ_003,82.89786072865357,0.3909600922557154,132.46891715534719,0
2025-01-01 17:35:00,EQ_004,72.38569986423366,0.641093237974627,119.37995990633968,0
2025-01-01 17:40:00,EQ_003,72.89906591452072,0.4901411867715738,129.51449277058086,0
2025-01-01 17:45:00,EQ_002,73.59107695569746,0.5018849622944848,116.33492979631949,0
2025-01-01 17:50:00,EQ_003,68.27774744482862,0.5708214423256557,102.96128413173281,0
2025-01-01 17:55:00,EQ_003,70.40674026757901,0.5233216131263502,110.75534011870445,0
2025-01-01 18:00:00,EQ_004,69.97929616623966,0.5953136633913245,135.62888768508196,0
2025-01-01 18:05:00,EQ_004,71.16101217447935,0.5287124165201824,117.26006918170695,0
2025-01-01 18:10:00,EQ_001,74.8265755630661,0.43875626253595623,117.56616020624982,0
2025-01-01 18:15:00,EQ_001,76.1710736626826,0.5361503525206102,117.00161803725119,0
2025-01-01 18:20:00,EQ_002,82.75250246407039,0.38562737926793383,139.04136589573008,0
2025-01-01 18:25:00,EQ_001,70.00822979630604,0.5108559705776523,136.25958915362062,0
2025-01-01 18:30:00,EQ_003,79.92161199238292,0.49667700093555395,142.18780233448135,0
2025-01-01 18:35:00,EQ_004,73.93005577887246,0.47918831427274605,118.40954789599948,1
2025-01-01 18:40:00,EQ_001,74.75268145173783,0.4871462488561069,122.95624488747094,0
2025-01-01 18:45:00,EQ_001,78.37409746083301,0.3118150954502361,104.83357450579209,0
2025-01-01 18:50:00,EQ_002,69.3863898921885,0.44512750922590383,134.76934426118274,0
2025-01-01 18:55:00,EQ_002,76.91204873092025,0.5092844901141115,108.32220448732065,0
2025-01-01 19:00:00,EQ_003,75.83226104106528,0.51598563919974,122.16775563762629,0
2025-01-01 19:05:00,EQ_004,77.46225632004075,0.3972324859074042,109.02697472367156,0
2025-01-01 19:10:00,EQ_002,76.44584321953909,0.62657078408647,114.11133173261304,0
2025-01-01 19:15:00,EQ_001,87.27650069955448,0.4133825151785499,111.627375689503,0
2025-01-01 19:20:00,EQ_004,71.81130007874341,0.5969457200526737,113.92124739324183,0
2025-01-01 19:25:00,EQ_004,72.34501522499092,0.5427194361871684,114.60877296851021,0
2025-01-01 19:30:00,EQ_001,71.88429736787617,0.4353772690156197,114.51731205074923,0
2025-01-01 19:35:00,EQ_002,72.22261440419872,0.6775310892609512,128.33333911780306,0
2025-01-01 19:40:00,EQ_001,71.81306436346742,0.380636316824352,108.9513720693748,0
2025-01-01 19:45:00,EQ_004,80.94508265553776,0.5919154173610002,122.20541427013868,0
2025-01-01 19:50:00,EQ_005,82.10252123994927,0.6000582318042978,132.1795915230556,0
2025-01-01 19:55:00,EQ_005,72.14626853125262,0.4329379790923355,114.86803635486604,0
2025-01-01 20:00:00,EQ_003,70.83822213447885,0.639246530006433,112.82081109252398,0
2025-01-01 20:05:00,EQ_001,77.35707778193202,0.4749953485401047,117.69475374819748,0
2025-01-01 20:10:00,EQ_001,72.23888477859515,0.5288693629279857,131.7972520836071,0
2025-01-01 20:15:00,EQ_003,78.16465908877755,0.526032183877122,121.94107630953357,0
2025-01-01 20:20:00,EQ_003,76.01461510425649,0.4865691258529452,114.68785705392402,0
2025-01-01 20:25:00,EQ_003,67.42127942501384,0.5810808273159782,124.8387665118804,0
2025-01-01 20:30:00,EQ_004,82.73752600665031,0.5793488720552213,108.97707850163576,0
2025-01-01 20:35:00,EQ_001,83.9793883654776,0.3251468026761819,126.81359510442948,0
2025-01-01 20:40:00,EQ_004,71.93605654757806,0.6304340242878153,124.08607307701767,0
2025-01-01 20:45:00,EQ_003,73.06149220032007,0.3337508011964325,116.92191528861116,0
2025-01-01 20:50:00,EQ_001,76.42932695362452,0.6032546204341658,111.61414201552769,0
2025-01-01 20:55:00,EQ_004,76.67228394993512,0.6126705136827584,111.13319077716542,0
2025-01-01 21:00:00,EQ_004,78.29272136336415,0.39090335697848017,125.3481733634591,0
2025-01-01 21:05:00,EQ_003,85.05102269383175,0.4589185712045415,132.28980502489063,0
2025-01-01 21:10:00,EQ_001,74.11526386252976,0.38942953315140644,113.62692252971205,0
2025-01-01 21:15:00,EQ_003,71.00851377730773,0.47850789697112645,124.58386703551484,0
2025-01-01 21:20:00,EQ_001,68.10340385992737,0.46919657158142586,99.12972981397931,1
2025-01-01 21:25:00,EQ_005,71.3453498002904,0.577966053226934,114.153822693428,1
2025-01-01 21:30:00,EQ_002,74.83436513563102,0.6310308746119608,119.68941067129099,0
2025-01-01 21:35:00,EQ_002,83.97278931758893,0.6395683810789956,110.90316583018166,0
2025-01-01 21:40:00,EQ_002,72.41194350481915,0.44378319734216976,110.63493625210404,0
2025-01-01 21:45:00,EQ_003,76.11893975819449,0.4790778126255472,113.32220443531114,0
2025-01-01 21:50:00,EQ_005,74.91788551963624,0.33165618077790493,122.92192728326373,0
2025-01-01 21:55:00,EQ_001,80.94196636724043,0.4194129933503811,118.12670981593625,0
2025-01-01 22:00:00,EQ_004,87.63466212936811,0.5964851633097458,97.61768766675027,0
2025-01-01 22:05:00,EQ_001,72.3456561353984,0.6615582823548232,98.79299847364933,0
2025-01-01 22:10:00,EQ_004,72.5528027874089,0.3765651128120078,113.93134822142825,1
2025-01-01 22:15:00,EQ_001,80.22080438534536,0.44075357408471055,124.57686586053552,0
2025-01-01 22:20:00,EQ_005,78.40945744813156,0.4973594243041073,92.52495157274765,0
2025-01-01 22:25:00,EQ_004,84.23353662868017,0.5280161158819607,115.00269823848369,0
2025-01-01 22:30:00,EQ_003,77.91964092662982,0.4190396480078354,114.7375214348258,0
2025-01-01 22:35:00,EQ_001,73.2035395460647,0.542406104446409,133.88337778208447,0
2025-01-01 22:40:00,EQ_001,77.95327415346155,0.4526160652929084,116.14978188287137,0
2025-01-01 22:45:00,EQ_004,80.54351790291454,0.4985547729121721,123.82988984740929,0
2025-01-01 22:50:00,EQ_003,79.10241090598682,0.55462842480037,121.41257140087463,0
2025-01-01 22:55:00,EQ_003,77.53637015553649,0.5006422269810937,98.694335201928,0
2025-01-01 23:00:00,EQ_005,80.33337344794577,0.4563614109473431,127.68207216631737,0
2025-01-01 23:05:00,EQ_003,80.84647795222837,0.4890390196074169,122.15396505456287,0
2025-01-01 23:10:00,EQ_003,81.91079495518764,0.49116370407946647,125.0826863967459,0
2025-01-01 23:15:00,EQ_003,78.24354943794822,0.4629988970117872,159.26237706436325,0
2025-01-01 23:20:00,EQ_002,74.16440959841573,0.47412039373328974,99.15887060501412,0
2025-01-01 23:25:00,EQ_005,75.73356843216662,0.6598647170504717,137.24696649761108,0
2025-01-01 23:30:00,EQ_001,81.03254483254179,0.5560919447941238,117.12552480599645,0
2025-01-01 23:35:00,EQ_004,70.91532164506381,0.47045196819708396,122.87328904403009,0
2025-01-01 23:40:00,EQ_001,76.8433665443645,0.5696954404510736,119.54487754698758,0
2025-01-01 23:45:00,EQ_005,73.0333059383632,0.466618051024399,115.75763666601956,0
2025-01-01 23:50:00,EQ_004,75.14372411467409,0.6173124637586641,114.30167071761241,0
2025-01-01 23:55:00,EQ_005,81.39225931303649,0.5369642192198094,123.29508735573009,0
2025-01-02 00:00:00,EQ_003,75.95549534009952,0.4892697855995771,104.8282630332832,0
2025-01-02 00:05:00,EQ_004,75.23218274078074,0.5447716925810278,127.50579167521765,0
2025-01-02 00:10:00,EQ_003,68.2007192951004,0.34291238479315006,115.83805595114745,0
2025-01-02 00:15:00,EQ_001,78.7312678301361,0.3873232531090195,108.69930660959642,0
2025-01-02 00:20:00,EQ_001,78.22742090570537,0.38060749936009447,115.49987142004187,0
2025-01-02 00:25:00,EQ_004,85.8162736165273,0.5142943094763707,132.57149216862572,0
2025-01-02 00:30:00,EQ_004,73.461108825235,0.6732514999485092,114.64664912983777,0
2025-01-02 00:35:00,EQ_005,76.0957516383197,0.7231300146192632,123.5845361820962,0
2025-01-02 00:40:00,EQ_005,76.24691841855378,0.5638051101440757,112.69043724284526,0
2025-01-02 00:45:00,EQ_003,82.88726639881737,0.5500844474944457,127.57921849923619,0
2025-01-02 00:50:00,EQ_004,74.52352233806523,0.3198942265847261,126.85507738790204,0
2025-01-02 00:55:00,EQ_001,76.39510762885169,0.4457326200265978,138.48608833296413,0
2025-01-02 01:00:00,EQ_005,78.0394825485827,0.42122162480917613,118.24436054500785,0
2025-01-02 01:05:00,EQ_005,75.9330456157818,0.43791524017488836,126.68654804757907,0
2025-01-02 01:10:00,EQ_001,72.76783192724736,0.48318561814152106,120.98067539538944,0
2025-01-02 01:15:00,EQ_005,75.97044996449154,0.45279094223028726,132.95871781863013,0
2025-01-02 01:20:00,EQ_003,80.36815874929886,0.30207001896242125,112.81167612391269,0
2025-01-02 01:25:00,EQ_004,69.8674235029447,0.5747910256117534,127.45005312877281,0
2025-01-02 01:30:00,EQ_001,75.66484837073438,0.39272569742601937,118.05302703883318,0
2025-01-02 01:35:00,EQ_004,71.49939592530413,0.523924686411115,119.35811822891502,0
2025-01-02 01:40:00,EQ_005,80.97523314462421,0.7074082669749974,120.91752484448372,0
2025-01-02 01:45:00,EQ_005,67.38406547608113,0.40806154084135765,122.52240396426677,0
2025-01-02 01:50:00,EQ_001,72.20539076364206,0.246971247725367,118.83770956878041,0
2025-01-02 01:55:00,EQ_003,76.8860593753226,0.47139957781198893,122.14713183170527,0
2025-01-02 02:00:00,EQ_002,82.8276201461717,0.6100959634998571,135.78118057562185,0
2025-01-02 02:05:00,EQ_001,74.67124869463507,0.6958347454220594,129.8544968561522,0
2025-01-02 02:10:00,EQ_002,72.22400236653401,0.3770450405547583,128.69154592496898,0
2025-01-02 02:15:00,EQ_002,84.40578534720295,0.5496699223236522,115.44460473976129,0
2025-01-02 02:20:00,EQ_003,67.75993049791877,0.45346895432199463,111.10759171771676,0
2025-01-02 02:25:00,EQ_002,64.00597021689958,0.48940516456958644,129.55300558237752,0
2025-01-02 02:30:00,EQ_002,77.20007225026666,0.7644343347017035,128.76046792529795,0
2025-01-02 02:35:00,EQ_003,72.48972887823695,0.34970296716048466,134.72670675750982,0
2025-01-02 02:40:00,EQ_002,69.89383591434644,0.5253739661494573,113.9601937403077,0
2025-01-02 02:45:00,EQ_002,78.54178223649677,0.5467693171765433,117.70451344639653,0
2025-01-02 02:50:00,EQ_002,76.219003568856,0.6085786324939347,103.60515837474566,1
2025-01-02 02:55:00,EQ_001,72.17960684631636,0.5097983153470895,116.07528893939127,0
2025-01-02 03:00:00,EQ_001,68.59847800664552,0.5308050539504102,129.96570510579448,0
2025-01-02 03:05:00,EQ_001,79.36228664140073,0.4608351432578209,115.33504620771802,0
2025-01-02 03:10:00,EQ_003,78.2510058897933,0.5269126941245107,126.40479795200824,0
2025-01-02 03:15:00,EQ_005,74.50412068110309,0.46568077245025896,118.09496894002189,0
2025-01-02 03:20:00,EQ_002,84.23318498023833,0.5621571889856051,123.2405702822156,0
2025-01-02 03:25:00,EQ_002,69.64957616836924,0.4630389663956366,108.52308610184332,0
2025-01-02 03:30:00,EQ_003,67.37237414537631,0.5377100393902187,120.852094496339,0
2025-01-02 03:35:00,EQ_002,71.54045965059377,0.4970737186315022,90.08864029099277,0
2025-01-02 03:40:00,EQ_001,74.77206991822251,0.6126050250772168,118.13103841838016,0
2025-01-02 03:45:00,EQ_005,76.21669724661346,0.49486062764115135,103.6952675628486,0
2025-01-02 03:50:00,EQ_004,73.79381971071835,0.32269675317931185,132.05994516546815,0
2025-01-02 03:55:00,EQ_002,76.76027698257148,0.6261921500713992,127.77407352764511,0
2025-01-02 04:00:00,EQ_001,68.74230287904778,0.4094267699137381,124.66670981966081,1
2025-01-02 04:05:00,EQ_004,82.2188230203663,0.434623366135118,135.2100622715938,0
2025-01-02 04:10:00,EQ_005,74.58924410803715,0.44043387059565076,110.51083479175162,0
2025-01-02 04:15:00,EQ_004,80.58647915794064,0.6374438093170818,137.47363197915558,0
2025-01-02 04:20:00,EQ_001,76.71362673188852,0.28643257860213045,129.32191564260384,0
2025-01-02 04:25:00,EQ_004,77.28376609576893,0.8137748533659994,117.63444712781055,0
2025-01-02 04:30:00,EQ_003,77.84883640116102,0.6056056809066052,131.35620147182945,0
2025-01-02 04:35:00,EQ_004,77.23854280008658,0.522323891412916,108.93706487588366,0
2025-01-02 04:40:00,EQ_002,78.21361379933772,0.4945105999383714,111.75485838472326,0
2025-01-02 04:45:00,EQ_002,81.64576265066216,0.5285554074857657,113.914102767603,0
2025-01-02 04:50:00,EQ_003,75.98260584850735,0.5521122428379338,114.71022291935985,0
2025-01-02 04:55:00,EQ_001,78.54501878794257,0.5645215585950057,109.43442357239748,0
2025-01-02 05:00:00,EQ_002,74.55132152856386,0.5555604466003449,132.23083067095325,1
2025-01-02 05:05:00,EQ_005,82.20058607724737,0.5089580681255249,117.41145599630168,0
2025-01-02 05:10:00,EQ_002,71.61803848970365,0.4802661579692674,123.5250496835688,0
2025-01-02 05:15:00,EQ_002,84.00470216455408,0.4848726716346488,114.2964863358632,0
2025-01-02 05:20:00,EQ_001,74.79921024677829,0.4805091719647319,101.79396699451483,0
2025-01-02 05:25:00,EQ_004,67.84612448940976,0.6133770096867065,122.70057358391422,0
2025-01-02 05:30:00,EQ_002,75.64052207455394,0.5593556722280861,100.87745024580224,0
2025-01-02 05:35:00,EQ_003,71.59474171262559,0.20596113653357195,119.31365953914532,0
2025-01-02 05:40:00,EQ_004,79.20321774494361,0.5655900776529761,106.3168496116719,0
2025-01-02 05:45:00,EQ_005,71.73688010348805,0.5194736194718775,139.8727599923081,0
2025-01-02 05:50:00,EQ_001,72.7690828339261,0.49812912435541024,129.1136272217472,0
2025-01-02 05:55:00,EQ_005,65.55229634527234,0.4611481546911114,121.0575379127148,0
2025-01-02 06:00:00,EQ_004,72.73846840375461,0.6124112719986013,132.63706677654667,0
2025-01-02 06:05:00,EQ_004,62.88060336685522,0.5947526462122859,111.53684022534264,0
2025-01-02 06:10:00,EQ_004,67.08048588257138,0.42271223321763907,125.43479378670094,0
2025-01-02 06:15:00,EQ_005,78.80207328072149,0.5407052287124535,121.99810433718713,0
2025-01-02 06:20:00,EQ_004,78.92900079325416,0.40283432654587137,122.6402008133367,0
2025-01-02 06:25:00,EQ_005,77.12728780892482,0.36203818352110695,132.7235350010677,0
2025-01-02 06:30:00,EQ_004,70.16511928435393,0.43732827754100345,127.32492102779803,0
2025-01-02 06:35:00,EQ_003,74.7614432192901,0.5862393472382759,122.88723662825024,0
2025-01-02 06:40:00,EQ_004,74.98198730454716,0.5953125045376086,103.45112563771704,0
2025-01-02 06:45:00,EQ_005,69.20817655403728,0.5513085420097293,110.39953704720537,0
2025-01-02 06:50:00,EQ_002,82.51699150883576,0.5725095786847997,118.77291066404275,0
2025-01-02 06:55:00,EQ_004,79.38681145287836,0.5516178287114959,120.93372374276652,0
2025-01-02 07:00:00,EQ_002,73.89517913085169,0.43585184047770476,108.69796275326075,0
2025-01-02 07:05:00,EQ_003,75.13442919497265,0.543192254467394,144.11676675578423,0
2025-01-02 07:10:00,EQ_001,76.04191403973776,0.5800409525227682,135.16394055253573,0
2025-01-02 07:15:00,EQ_003,64.79132565787855,0.5754291329813574,126.02118320392483,0
2025-01-02 07:20:00,EQ_004,73.76411308739702,0.6188913371474642,120.72036861283745,0
2025-01-02 07:25:00,EQ_002,71.59007876001101,0.5708303847201064,117.87791030098849,0
2025-01-02 07:30:00,EQ_002,69.99189995052542,0.5351448207541583,110.48081539977764,0
2025-01-02 07:35:00,EQ_005,73.59449853557022,0.6070150238316427,120.77480518518863,0
2025-01-02 07:40:00,EQ_002,83.98843263424762,0.497347874075094,122.57752540142751,0
2025-01-02 07:45:00,EQ_005,78.20421430633505,0.41181253487722824,107.58239424518376,0
2025-01-02 07:50:00,EQ_001,72.14410505108602,0.4836933036056236,123.34176417244898,1
2025-01-02 07:55:00,EQ_004,77.86291390678079,0.4255097355193551,118.44740951175251,0
2025-01-02 08:00:00,EQ_005,81.99677718293,0.4324821725025618,100.9219244212261,1
2025-01-02 08:05:00,EQ_001,79.62316841456385,0.48554813292844823,111.39614989220499,0
2025-01-02 08:10:00,EQ_002,75.29815184960087,0.42075800790000384,115.86394466578356,0
2025-01-02 08:15:00,EQ_002,71.76531611147213,0.46920384703609597,138.87687657340192,0
2025-01-02 08:20:00,EQ_001,78.49111656806795,0.31063853330462143,125.56553124533758,0
2025-01-02 08:25:00,EQ_002,76.96742692710875,0.5213293707372939,106.64518430900108,0
2025-01-02 08:30:00,EQ_001,79.47596610013866,0.5001205475362224,124.86036289417638,0
2025-01-02 08:35:00,EQ_005,78.17585900840984,0.4182911368931809,104.52696011061634,0
2025-01-02 08:40:00,EQ_005,80.24776357659667,0.5659245668432406,130.82691053887072,0
2025-01-02 08:45:00,EQ_001,72.32382394219717,0.5937570137626559,115.28875348182122,0
2025-01-02 08:50:00,EQ_005,81.58697032817163,0.3392440135631026,119.06363811260829,0
2025-01-02 08:55:00,EQ_005,75.987998023462,0.42372752214337855,133.2579664754219,0
2025-01-02 09:00:00,EQ_005,85.37630436312632,0.42308576502127015,107.1283643141575,1
2025-01-02 09:05:00,EQ_003,71.55406090955216,0.4060096898891135,106.02881814887009,0
2025-01-02 09:10:00,EQ_004,83.67981901582624,0.5829474841931749,114.16400673653995,0
2025-01-02 09:15:00,EQ_002,75.98955391731324,0.48061738612271965,130.38378851019317,0
2025-01-02 09:20:00,EQ_003,71.74290998192775,0.4735485158689389,104.80653924523158,0
2025-01-02 09:25:00,EQ_005,72.58057082972839,0.2996137635593247,91.67844401889431,0
2025-01-02 09:30:00,EQ_001,73.3982634590284,0.5635418030209226,115.48841141591001,0
2025-01-02 09:35:00,EQ_005,77.12082973200958,0.37607416051465276,125.51740799910921,0
2025-01-02 09:40:00,EQ_004,77.6141774401775,0.5059932630266328,132.0026174973883,0
2025-01-02 09:45:00,EQ_005,72.13149998030711,0.5277376937958191,115.36838637914602,0
2025-01-02 09:50:00,EQ_001,74.87822703869509,0.6360658595838651,115.88573392883998,1
2025-01-02 09:55:00,EQ_004,85.71135179305932,0.3691179600880888,131.53900734255748,0
2025-01-02 10:00:00,EQ_005,83.63771585050355,0.19804878441791746,101.3025830030458,0
2025-01-02 10:05:00,EQ_004,77.18161834837016,0.5183849544753695,116.1147922481699,0
2025-01-02 10:10:00,EQ_002,75.190017390841,0.6800511181510853,121.90423889925057,0
2025-01-02 10:15:00,EQ_002,75.60015663359131,0.6238946352939437,124.49218721285034,0
2025-01-02 10:20:00,EQ_005,78.06758986365209,0.5209659415274626,114.90193306809117,0
2025-01-02 10:25:00,EQ_004,69.88603717400797,0.4508363814367953,120.34441011705842,0
2025-01-02 10:30:00,EQ_001,73.71311731288327,0.5807122596637311,95.1167264658701,0
2025-01-02 10:35:00,EQ_005,66.65707963061206,0.40264538002955313,113.41751587666151,0
2025-01-02 10:40:00,EQ_002,76.99611561302639,0.5476357769356219,124.53508712554468,0
2025-01-02 10:45:00,EQ_002,78.2359796985137,0.5505470159166627,110.1770596574532,0
2025-01-02 10:50:00,EQ_005,72.58406768850313,0.606020990749888,120.58984221589597,0
2025-01-02 10:55:00,EQ_004,82.86993381645016,0.7759660038911078,124.46872500802698,0
2025-01-02 11:00:00,EQ_002,68.8711716849883,0.5392415967178767,116.57450799142235,0
2025-01-02 11:05:00,EQ_004,67.6781255989509,0.44910363742925014,121.70463770996571,0
2025-01-02 11:10:00,EQ_002,76.12225909279987,0.49744256878080056,110.37267434715388,0
2025-01-02 11:15:00,EQ_002,80.23549151306077,0.3230924095110882,117.93388720303953,0
2025-01-02 11:20:00,EQ_003,83.41963845728934,0.4305286868910942,126.10216169589222,0
2025-01-02 11:25:00,EQ_002,72.7055786856553,0.4590717561886896,121.56972960968434,0
2025-01-02 11:30:00,EQ_001,80.39340416715648,0.4475911602065408,114.13468730436064,0
2025-01-02 11:35:00,EQ_005,74.80745765249647,0.5152354872033722,122.24216404290793,0
2025-01-02 11:40:00,EQ_005,74.1368635002959,0.41775800676177993,127.14609790636618,0
2025-01-02 11:45:00,EQ_004,79.41829968743336,0.6121030667324472,99.50058721422522,0
2025-01-02 11:50:00,EQ_002,78.2616143920671,0.5000207064918197,131.59074064955897,0
2025-01-02 11:55:00,EQ_001,67.11803921507875,0.49906996788613855,116.63745261318928,0
2025-01-02 12:00:00,EQ_004,82.38270174862947,0.46721052834870824,124.2548993324023,0
2025-01-02 12:05:00,EQ_003,81.90045677073726,0.5155190683858979,131.97246923645227,0
2025-01-02 12:10:00,EQ_004,71.87218649245236,0.5825098264667634,106.28326302769534,0
2025-01-02 12:15:00,EQ_004,76.97901766718705,0.41328697842890993,112.90558997572454,0
2025-01-02 12:20:00,EQ_002,77.4701509314137,0.43418835109247433,117.11451304124296,0
2025-01-02 12:25:00,EQ_003,76.30336882911953,0.46962739712233353,112.16246478875571,0
2025-01-02 12:30:00,EQ_004,72.2484742307729,0.36541290765267853,137.3493657583681,1
2025-01-02 12:35:00,EQ_001,71.64188316030975,0.4180742140278502,111.43227906173207,0
2025-01-02 12:40:00,EQ_001,74.87222964504278,0.45237791264553406,114.44453220513134,0
2025-01-02 12:45:00,EQ_005,80.86364509629682,0.5874389180712728,122.04389031602977,0
2025-01-02 12:50:00,EQ_003,77.71800077297216,0.5262561329001925,107.97850473923911,0
2025-01-02 12:55:00,EQ_003,73.14692833956947,0.5193589911367544,116.04319288243737,0
2025-01-02 13:00:00,EQ_005,78.85849355324173,0.5850897962167972,123.17453261250175,0
2025-01-02 13:05:00,EQ_004,60.75728689684962,0.4862628211600603,116.67139595617489,0
2025-01-02 13:10:00,EQ_003,80.74382850186052,0.539046484992889,119.06613141100051,0
2025-01-02 13:15:00,EQ_001,66.3014311061095,0.48967782470675036,114.70667887551629,0
2025-01-02 13:20:00,EQ_001,73.18779529298433,0.5265362349399628,104.85529690819233,0
2025-01-02 13:25:00,EQ_002,69.40165052686928,0.44172413423884177,123.21593211339238,0
2025-01-02 13:30:00,EQ_003,68.52659262139547,0.25611828417235705,137.5493307164724,0
2025-01-02 13:35:00,EQ_004,80.8041339368926,0.48657208378136957,120.18401630783438,0
2025-01-02 13:40:00,EQ_005,72.66149399344054,0.642274813609994,122.25264117247549,0
2025-01-02 13:45:00,EQ_005,76.73251940865357,0.5926215402241592,126.9272275511686,1
2025-01-02 13:50:00,EQ_004,74.76539710560408,0.5965397484591171,107.306695034533,0
2025-01-02 13:55:00,EQ_002,77.3852041361156,0.6236130721806218,137.02514658129604,0
2025-01-02 14:00:00,EQ_005,75.38410945530127,0.5088657590961437,122.02328796422802,0
2025-01-02 14:05:00,EQ_003,68.58503887905715,0.5197315707405595,136.3185689908911,0
2025-01-02 14:10:00,EQ_002,79.9813340972357,0.438234810456565,112.66967004476011,0
2025-01-02 14:15:00,EQ_003,72.53121708419344,0.468392714397295,138.18061922557825,0
2025-01-02 14:20:00,EQ_001,67.21709050670124,0.5615771149771142,127.75155494034783,0
2025-01-02 14:25:00,EQ_002,72.85942419517043,0.6203884437168816,125.53040085852358,0
2025-01-02 14:30:00,EQ_005,82.50379895317155,0.48605537243190006,122.34024454353148,0
2025-01-02 14:35:00,EQ_002,79.25110871056746,0.45498107351485884,117.5147138192555,0
2025-01-02 14:40:00,EQ_002,73.2567393279607,0.5000527958856598,132.00531658473872,0
2025-01-02 14:45:00,EQ_002,73.25371147840785,0.5601206748929115,121.40359869848047,0
2025-01-02 14:50:00,EQ_002,73.39182474391309,0.3556145183866458,100.32930296412847,0
2025-01-02 14:55:00,EQ_003,85.3837399178042,0.2703819046862762,108.82813538292997,0
2025-01-02 15:00:00,EQ_001,76.90967726115777,0.44494631505084165,118.14154247807252,0
2025-01-02 15:05:00,EQ_004,77.15020823595535,0.3779287574085841,123.09998983165555,0
2025-01-02 15:10:00,EQ_002,80.15141727015921,0.4491859802352689,119.43411511100105,0
2025-01-02 15:15:00,EQ_005,76.19394579513256,0.48522196811825286,132.18970789793664,0
2025-01-02 15:20:00,EQ_002,73.70478927089648,0.4546751590976987,100.48898135961375,0
2025-01-02 15:25:00,EQ_005,74.0182507545751,0.6452467534470745,121.4358793650516,0
2025-01-02 15:30:00,EQ_003,74.64199370292968,0.532674476460232,101.82020774612846,0
2025-01-02 15:35:00,EQ_005,74.81388881745079,0.5300474359610828,127.59712295484168,0
2025-01-02 15:40:00,EQ_004,78.6381477181849,0.5622207144043402,119.05541285557997,0
2025-01-02 15:45:00,EQ_001,75.2597294290365,0.3861166882219231,124.19609972024118,0
2025-01-02 15:50:00,EQ_005,78.66320038607789,0.6039111787420268,111.36117039410234,0
2025-01-02 15:55:00,EQ_005,74.59641709945708,0.49242357134645404,132.7946493165775,0
2025-01-02 16:00:00,EQ_001,75.39317595158045,0.5670480617241213,130.4172466405885,0
2025-01-02 16:05:00,EQ_004,65.00899657733946,0.39281427669598445,125.83544303011888,0
2025-01-02 16:10:00,EQ_002,79.5816383735124,0.34462412339839354,118.7048275313656,0
2025-01-02 16:15:00,EQ_005,76.73244237948997,0.5817889658025028,125.79857285295132,0
2025-01-02 16:20:00,EQ_001,79.99005054929826,0.5376409526097516,112.93107432012651,0
2025-01-02 16:25:00,EQ_003,60.518723109031555,0.409794844564249,128.55555659020712,0
2025-01-02 16:30:00,EQ_001,85.44187352390364,0.4130336918725306,136.4948089432392,0
2025-01-02 16:35:00,EQ_003,74.30205185922414,0.6125434784414769,130.70610559979187,0
2025-01-02 16:40:00,EQ_004,80.54091408368758,0.3810588107132672,112.70397530192591,0
2025-01-02 16:45:00,EQ_002,69.80047036437234,0.6642672953255964,123.61417317273103,0
2025-01-02 16:50:00,EQ_001,78.06386952531285,0.4099379265352131,107.06858456241352,1
2025-01-02 16:55:00,EQ_005,69.73292218413172,0.5638391925608383,125.72390311175675,0
2025-01-02 17:00:00,EQ_004,71.88115519652098,0.46713815242510154,124.50603412862539,0
2025-01-02 17:05:00,EQ_001,84.57015676933393,0.5603187431082343,101.30183660467836,0
2025-01-02 17:10:00,EQ_005,74.04658799618326,0.44558859978858073,108.38216156087637,0
2025-01-02 17:15:00,EQ_001,76.08716436589862,0.48372070939277056,117.16861103256232,0
2025-01-02 17:20:00,EQ_003,79.35033865344377,0.5040919175395722,116.99140252859173,0
2025-01-02 17:25:00,EQ_001,77.47840943986303,0.39978125442185275,107.90523064581194,0
2025-01-02 17:30:00,EQ_001,75.75209452571788,0.5740824345420126,123.88978729352183,0
2025-01-02 17:35:00,EQ_001,76.82480501233113,0.44867864335284147,122.51473608940512,0
2025-01-02 17:40:00,EQ_004,87.01707792619138,0.47714000846599813,118.0573086802148,0
2025-01-02 17:45:00,EQ_001,74.71190601483207,0.40056506253914875,112.44208499841638,0
2025-01-02 17:50:00,EQ_005,76.00549523357483,0.24376663412046895,130.48707126416565,0
2025-01-02 17:55:00,EQ_003,80.25327198003806,0.4808972237399831,136.55407113088296,0
2025-01-02 18:00:00,EQ_003,80.52762966478991,0.7412615421612916,115.16438516153463,0
2025-01-02 18:05:00,EQ_001,80.9351515278019,0.5784604287898024,113.8783308284518,0
2025-01-02 18:10:00,EQ_004,78.19365111014592,0.4980739620265605,124.91207665411996,0
2025-01-02 18:15:00,EQ_004,69.28497543634758,0.47371091707917323,116.41970620253014,0
2025-01-02 18:20:00,EQ_005,83.16715766150548,0.5022465892812047,118.60602799336766,0
2025-01-02 18:25:00,EQ_001,69.26827303490656,0.554711911517521,127.39653151724671,0
2025-01-02 18:30:00,EQ_003,76.51317732619516,0.3819187184691155,100.90643912492708,0
2025-01-02 18:35:00,EQ_004,71.22862074990321,0.6114321694668872,133.1830232485267,0
2025-01-02 18:40:00,EQ_001,74.67930826703504,0.5715381315441244,120.72680524329341,0
2025-01-02 18:45:00,EQ_004,76.6438120515174,0.5718185725707935,115.8850685543782,0
2025-01-02 18:50:00,EQ_004,76.60678607725137,0.5438475738809727,119.1076584577855,0
2025-01-02 18:55:00,EQ_003,77.10960377117642,0.501961665769399,119.62429355020518,0
2025-01-02 19:00:00,EQ_002,83.06855634529323,0.567286123596682,102.68798696555075,0
2025-01-02 19:05:00,EQ_005,77.2676715075699,0.5591814133741378,134.94938227453235,0
2025-01-02 19:10:00,EQ_005,73.77921682354676,0.4645959289058976,120.41325632270619,0
2025-01-02 19:15:00,EQ_003,79.82043584144179,0.4426398227103099,124.43002130447375,0
2025-01-02 19:20:00,EQ_004,80.9473524446232,0.5101856295261986,129.51549770574042,0
2025-01-02 19:25:00,EQ_001,68.86196092431504,0.6549020151495187,109.788375424397,0
2025-01-02 19:30:00,EQ_004,77.98700034924929,0.3760892924346099,124.73471899035229,0
2025-01-02 19:35:00,EQ_003,78.5058637115545,0.353247473424756,117.32358909101207,0
2025-01-02 19:40:00,EQ_005,73.51218248320004,0.5164760841236516,128.46770775216493,0
2025-01-02 19:45:00,EQ_004,81.8785340665581,0.5050887701856018,98.72772579648505,1
2025-01-02 19:50:00,EQ_005,74.24972206483737,0.5173341664370408,119.00905699758731,1
2025-01-02 19:55:00,EQ_001,75.6278822673577,0.5243953197908501,113.97179344216039,0
2025-01-02 20:00:00,EQ_005,74.13464087858065,0.4776797745365195,124.32262950634156,0
2025-01-02 20:05:00,EQ_005,75.07789523790734,0.6489863438602083,124.70044187368202,0
2025-01-02 20:10:00,EQ_002,69.518624565524,0.33990960215234844,112.92374105177974,0
2025-01-02 20:15:00,EQ_002,67.79974558702853,0.4171502975219754,112.87826135823957,0
2025-01-02 20:20:00,EQ_002,82.97252531612486,0.48967452398509526,118.89334631442671,0
2025-01-02 20:25:00,EQ_005,70.76519325840836,0.3356811188845833,111.03357772684792,0
2025-01-02 20:30:00,EQ_003,70.04303825271846,0.4824145595567929,128.41983695452126,0
2025-01-02 20:35:00,EQ_005,64.23304943198143,0.6661470165728018,116.30792799552555,0
2025-01-02 20:40:00,EQ_003,71.8051912615525,0.5020886488295961,90.93011780678358,0
2025-01-02 20:45:00,EQ_003,68.3845510329625,0.5230700905718684,116.25177943378193,0
2025-01-02 20:50:00,EQ_002,83.21007580068185,0.373983523482742,109.61456179156028,0
2025-01-02 20:55:00,EQ_004,80.04908544671318,0.43836385919605225,103.68724184539055,0
2025-01-02 21:00:00,EQ_001,71.55924827411138,0.4624803619676063,107.62573361777427,0
2025-01-02 21:05:00,EQ_002,86.26217902672154,0.4682284903243766,121.0940847183297,0
2025-01-02 21:10:00,EQ_002,79.90882743495797,0.6281643795003768,133.2864082824823,0
2025-01-02 21:15:00,EQ_004,73.37584308245688,0.5557691060725125,123.1318447386498,0
2025-01-02 21:20:00,EQ_001,62.50297142563213,0.3888542043062968,113.9349661178426,0
2025-01-02 21:25:00,EQ_005,86.45471286295371,0.5246504778432005,124.55904195170703,0
2025-01-02 21:30:00,EQ_005,68.05213766618202,0.5498221748496785,115.40909689781009,0
2025-01-02 21:35:00,EQ_002,66.77300626521554,0.6140149038521266,113.05399630836855,0
2025-01-02 21:40:00,EQ_001,80.1128521600482,0.6580540686568374,108.45637331767016,0
2025-01-02 21:45:00,EQ_002,87.19876203169636,0.3984905808172131,102.48171193248281,0
2025-01-02 21:50:00,EQ_003,81.9213640925526,0.41891424887896617,116.10076293440555,1
2025-01-02 21:55:00,EQ_002,77.8195456002618,0.37424221410853836,121.58053489920133,0
2025-01-02 22:00:00,EQ_002,77.97377170832642,0.47659801408930186,119.0337632998511,0
2025-01-02 22:05:00,EQ_005,79.26707779390154,0.5466358374446334,115.84033072052641,0
2025-01-02 22:10:00,EQ_005,78.79464294893383,0.5987334516589102,110.54253939303219,0
2025-01-02 22:15:00,EQ_005,76.40595711984687,0.49240489763574774,126.08246191684968,0
2025-01-02 22:20:00,EQ_003,75.52100551975938,0.46801524767451563,106.82868080053416,0
2025-01-02 22:25:00,EQ_005,74.6870343605024,0.515175799224874,127.76027913843475,0
2025-01-02 22:30:00,EQ_001,71.23017705566662,0.4164857098369977,109.97782981073276,0
2025-01-02 22:35:00,EQ_004,73.59662461566613,0.7089538721694774,112.47564762646965,0
2025-01-02 22:40:00,EQ_001,66.53521592902307,0.3392338972881941,105.33214809384323,0
2025-01-02 22:45:00,EQ_001,74.50830186602624,0.5184740578895725,114.98597853114363,0
2025-01-02 22:50:00,EQ_005,70.05704446424541,0.7023606219229639,129.75312458477978,0
2025-01-02 22:55:00,EQ_004,69.48205341392115,0.5006799844559998,125.15628088443957,0
2025-01-02 23:00:00,EQ_004,75.8994707557674,0.48099609649985053,129.78422112028036,0
2025-01-02 23:05:00,EQ_004,81.96001143172299,0.46425545771895727,125.22142545933936,0
2025-01-02 23:10:00,EQ_003,79.59158303001156,0.4819608318237592,108.96330171469631,0
2025-01-02 23:15:00,EQ_005,67.14749698188412,0.637284847467653,116.69210775672443,0
2025-01-02 23:20:00,EQ_004,70.05185931714831,0.2788138088670493,112.19800870882537,0
2025-01-02 23:25:00,EQ_003,79.70385593994108,0.6533433701296325,133.3057490403904,0
2025-01-02 23:30:00,EQ_002,70.08756303230845,0.3576042847549855,108.03211353573688,0
2025-01-02 23:35:00,EQ_002,73.87683425001488,0.4733347670765585,128.9369768938911,0
2025-01-02 23:40:00,EQ_003,77.75026049512276,0.45707555797013383,128.9295387010877,0
2025-01-02 23:45:00,EQ_003,70.15827772568183,0.558855326977072,138.29620201716088,0
2025-01-02 23:50:00,EQ_005,75.5268775307298,0.34018756481162526,115.90313407370503,0
2025-01-02 23:55:00,EQ_005,68.32987252540897,0.5462172666081943,127.12322159580162,0
2025-01-03 00:00:00,EQ_002,71.99316178024394,0.7024309623286853,142.81651836538842,0
2025-01-03 00:05:00,EQ_004,76.59890967071269,0.3636825995407189,113.82358323066303,0
2025-01-03 00:10:00,EQ_002,67.03503133234166,0.5189706167610396,104.64959752467641,0
2025-01-03 00:15:00,EQ_004,77.20237368980199,0.4338017822203391,101.19989966092237,0
2025-01-03 00:20:00,EQ_004,74.9018110053666,0.5425887206193036,127.12712028861331,0
2025-01-03 00:25:00,EQ_005,77.76244977208574,0.5019147777415752,101.16849791941416,1
2025-01-03 00:30:00,EQ_001,76.11957067032331,0.435851309095569,116.27680947062078,0
2025-01-03 00:35:00,EQ_001,81.82070214986922,0.5487872284871074,124.37313187038961,0
2025-01-03 00:40:00,EQ_003,75.62612251323954,0.6804348109786743,121.85175536829914,0
2025-01-03 00:45:00,EQ_005,72.85297229437373,0.4809096208272701,124.25444864184172,0
2025-01-03 00:50:00,EQ_004,75.61148751516141,0.5719757942148181,122.22289855800854,0
2025-01-03 00:55:00,EQ_001,77.71649014518194,0.3706727042128836,132.78865813313394,0
2025-01-03 01:00:00,EQ_004,75.24430035162852,0.4043563623181991,110.47683619261203,0
2025-01-03 01:05:00,EQ_001,75.20295845601942,0.5472406277880377,113.23004861541469,0
2025-01-03 01:10:00,EQ_001,71.49004156096622,0.6484116028535964,112.27340554729176,0
2025-01-03 01:15:00,EQ_001,71.68549541224526,0.5355613348785659,128.3019181186261,0
2025-01-03 01:20:00,EQ_005,67.98697364100153,0.46869419694768455,129.00398588395063,0
2025-01-03 01:25:00,EQ_002,83.74788371593469,0.4999291405423354,124.51225319318507,0
2025-01-03 01:30:00,EQ_004,68.78068382304357,0.3749592266030283,131.83493666889927,0
2025-01-03 01:35:00,EQ_005,71.53547401102047,0.5604515326355367,108.2195913262362,0
2025-01-03 01:40:00,EQ_005,71.40796367215401,0.5882333062323409,136.67224111551138,0
2025-01-03 01:45:00,EQ_005,79.47462188472221,0.45479096671669195,135.23238621712258,0
2025-01-03 01:50:00,EQ_005,73.52525160853986,0.4529957852240498,127.35621997245747,0
2025-01-03 01:55:00,EQ_005,81.23871036336867,0.5265878229652049,137.8179890877106,0
2025-01-03 02:00:00,EQ_003,71.63254687878066,0.45632802639594044,103.43376792322226,0
2025-01-03 02:05:00,EQ_004,76.39497081111901,0.49338673853741777,114.75551863737348,0
2025-01-03 02:10:00,EQ_005,70.82326473370121,0.7099721789166515,112.64696539318048,0
2025-01-03 02:15:00,EQ_004,85.72574563886694,0.47529742992540036,127.21479323757343,0
2025-01-03 02:20:00,EQ_003,69.06200790485244,0.4641659847978778,109.49859260397855,0
2025-01-03 02:25:00,EQ_003,76.54910355113513,0.4352458194364841,127.57495149337485,0
2025-01-03 02:30:00,EQ_004,78.16888440466049,0.5744191971499937,133.70536143996713,0
2025-01-03 02:35:00,EQ_001,77.0689954872575,0.4818775826781897,126.95202900084,0
2025-01-03 02:40:00,EQ_002,74.07356170561145,0.4350626961678574,122.83751023661502,0
2025-01-03 02:45:00,EQ_001,74.35089650133287,0.6321304032273012,110.1212665909925,0
2025-01-03 02:50:00,EQ_001,75.21905735989554,0.6419603004513638,111.53149033874635,0
2025-01-03 02:55:00,EQ_001,74.26498999185756,0.4399576434261295,132.49618905296666,0
2025-01-03 03:00:00,EQ_005,79.81939558397455,0.3133460048639384,127.79349003905332,0
2025-01-03 03:05:00,EQ_003,86.05261500795676,0.6007513689836922,119.60980480622456,0
2025-01-03 03:10:00,EQ_001,72.21254107496082,0.4315370174239996,115.8209045423411,0
2025-01-03 03:15:00,EQ_003,68.15098510210461,0.5790625599162769,99.74192126888623,0
2025-01-03 03:20:00,EQ_004,74.55858975824373,0.3029896182288164,109.29147581315561,0
2025-01-03 03:25:00,EQ_002,87.8985466882716,0.5892597338299309,139.11419087139723,1
2025-01-03 03:30:00,EQ_004,70.98162716015135,0.3788828070719219,107.19544428997533,0
2025-01-03 03:35:00,EQ_004,83.19558402722033,0.5730764119066525,121.8947982122108,0
2025-01-03 03:40:00,EQ_005,83.3885040703822,0.5014273067836434,130.074439731952,1
2025-01-03 03:45:00,EQ_002,72.23205879146003,0.4046060580603355,107.45077331997707,0
2025-01-03 03:50:00,EQ_004,77.84491539592638,0.45929636870732193,121.84710474781083,0
2025-01-03 03:55:00,EQ_004,83.14198311564269,0.56863184569567,129.37915537510656,0
2025-01-03 04:00:00,EQ_002,73.10436129506256,0.5105894453115234,120.12499321907251,0
2025-01-03 04:05:00,EQ_002,73.98209819948819,0.5584412980472484,148.6840305566677,0
2025-01-03 04:10:00,EQ_004,72.09159543025677,0.6976440584515485,103.31400741121804,0
2025-01-03 04:15:00,EQ_002,69.92621634653567,0.34357583882889486,130.5872852988388,0
2025-01-03 04:20:00,EQ_004,71.75361227466996,0.6617212574968624,118.27198262603535,0
2025-01-03 04:25:00,EQ_004,68.88029866618872,0.5104355937523213,127.71920154836675,0
2025-01-03 04:30:00,EQ_005,75.17041734129613,0.4101215951676872,124.41307151699246,0
2025-01-03 04:35:00,EQ_001,71.15013384470679,0.366968637426101,112.66843802890003,0
2025-01-03 04:40:00,EQ_004,76.16892955895374,0.48108796092229666,122.28996392459341,0
2025-01-03 04:45:00,EQ_003,67.22052176898187,0.5921650111924459,101.42098548601713,0
2025-01-03 04:50:00,EQ_001,76.65440116107229,0.4872450879622466,126.03247500571393,0
2025-01-03 04:55:00,EQ_001,79.16764480804463,0.6511154930247347,122.98158465990525,0
2025-01-03 05:00:00,EQ_001,65.03132178714273,0.35488243099484407,126.38660168643102,0
2025-01-03 05:05:00,EQ_005,76.87028284923787,0.49879110521539455,130.5811832508715,0
2025-01-03 05:10:00,EQ_004,81.13834496236646,0.3747606555586881,123.67619840209711,0
2025-01-03 05:15:00,EQ_005,68.95179490654397,0.5363631882624967,121.48089419798276,0
2025-01-03 05:20:00,EQ_004,83.36286193418852,0.5886887390097301,111.18931663338708,0
2025-01-03 05:25:00,EQ_005,77.09509504683022,0.4579238206318947,112.87779236350949,0
2025-01-03 05:30:00,EQ_005,71.47494072120796,0.23957861433728656,131.8673462017733,0
2025-01-03 05:35:00,EQ_003,74.72115461171147,0.5198948146796495,134.36335405705978,0
2025-01-03 05:40:00,EQ_005,77.7916345626086,0.543673855173351,117.61889563687946,0
2025-01-03 05:45:00,EQ_002,75.38002695706206,0.5404294754961698,120.46002747253274,0
2025-01-03 05:50:00,EQ_003,77.69377996223184,0.6235782191822155,110.95385625006234,0
2025-01-03 05:55:00,EQ_005,70.39663203460317,0.3928946320350951,131.72756845267446,0
2025-01-03 06:00:00,EQ_001,75.8468041201804,0.568021610545045,126.65416823691778,0
2025-01-03 06:05:00,EQ_002,67.9314275154751,0.6192507512477975,139.41217436463748,0
2025-01-03 06:10:00,EQ_002,74.4438696932565,0.3221412415993483,111.21676922820261,0
2025-01-03 06:15:00,EQ_002,70.48046179267605,0.5319651825918977,116.21992100981782,0
2025-01-03 06:20:00,EQ_003,71.32235028705117,0.44958201689923283,122.31445922525572,0
2025-01-03 06:25:00,EQ_005,81.18046587605218,0.4918477326898354,126.4648953772577,0
2025-01-03 06:30:00,EQ_005,80.45655060297135,0.5347676483538336,117.84332362452368,0
2025-01-03 06:35:00,EQ_001,78.04569060453588,0.4512771435886448,111.270389095463,0
2025-01-03 06:40:00,EQ_001,69.5384361766371,0.4324291920838388,128.81407528923572,1
2025-01-03 06:45:00,EQ_002,73.41795775152599,0.5034152417488025,127.21135362545581,0
2025-01-03 06:50:00,EQ_001,81.06548849989592,0.39127540611371975,110.83725899436276,0
2025-01-03 06:55:00,EQ_003,75.70858456819953,0.39141748711148144,133.55442801105497,0
2025-01-03 07:00:00,EQ_005,86.59664769990847,0.5679373282956504,131.70198709196603,0
2025-01-03 07:05:00,EQ_002,76.96658919697185,0.3851205964841344,121.34296497247793,0
2025-01-03 07:10:00,EQ_001,75.96024558245016,0.5666312500909212,120.79597862376036,0
2025-01-03 07:15:00,EQ_003,73.4544176789875,0.5462591292853951,125.54057771115907,0
2025-01-03 07:20:00,EQ_003,75.66770452391141,0.32741932712094035,111.38296929743741,0
2025-01-03 07:25:00,EQ_001,74.23765081809728,0.4322435347664345,120.30031479164082,0
2025-01-03 07:30:00,EQ_005,78.54054338344295,0.6194109403047372,98.4761645539082,0
2025-01-03 07:35:00,EQ_001,79.78351158397292,0.40188344688603184,128.76455645502935,1
2025-01-03 07:40:00,EQ_002,71.07005269746026,0.45355957376906125,104.3850677755814,0
2025-01-03 07:45:00,EQ_001,68.3438352322111,0.5462060893251897,135.03419828429,0
2025-01-03 07:50:00,EQ_003,65.81897313448351,0.5783390509282595,116.6987990603355,0
2025-01-03 07:55:00,EQ_001,77.53995663456271,0.47484611139555044,117.88333018068823,0
2025-01-03 08:00:00,EQ_005,69.48316696913064,0.44024898053083583,113.72266093915495,0
2025-01-03 08:05:00,EQ_004,64.23554703523759,0.6422369861698508,117.11961126077924,0
2025-01-03 08:10:00,EQ_001,76.94289302265481,0.673889966379758,134.18531345148037,0
2025-01-03 08:15:00,EQ_005,87.46499758716395,0.5978858050781796,95.1219134346492,0
2025-01-03 08:20:00,EQ_005,74.96964544230053,0.5085318142565024,132.76965386088187,0
2025-01-03 08:25:00,EQ_003,79.19245387225821,0.4191734278359074,123.38023481101708,0
2025-01-03 08:30:00,EQ_005,75.40914679273783,0.4169555593443435,107.92978352142785,0
2025-01-03 08:35:00,EQ_005,74.50555173404429,0.5522514105265758,109.24687606950762,0
2025-01-03 08:40:00,EQ_005,79.59538241493884,0.5418398220888684,136.76393027208204,1
2025-01-03 08:45:00,EQ_005,73.54862727905675,0.6401598592946429,110.54493120057269,0
2025-01-03 08:50:00,EQ_002,76.33696157035952,0.5650450092536139,108.46649489404041,0
2025-01-03 08:55:00,EQ_002,76.60848903098007,0.3496919698240182,131.3731454236473,0
2025-01-03 09:00:00,EQ_003,71.65954773178476,0.6051947617722919,123.38552876285914,0
2025-01-03 09:05:00,EQ_001,79.96021174768262,0.4001939372685587,110.620744234636,0
2025-01-03 09:10:00,EQ_005,74.12520121652295,0.46160287280476486,122.16624975404619,0
2025-01-03 09:15:00,EQ_001,71.22127420253578,0.5250200206251694,109.74247316359723,0
2025-01-03 09:20:00,EQ_001,77.68254921785201,0.6995667489783964,131.00821398422605,0
2025-01-03 09:25:00,EQ_003,70.50766009104481,0.8109918556005361,130.61370964873134,0
2025-01-03 09:30:00,EQ_005,75.14090578684564,0.5606723059136183,125.32006198821944,0
2025-01-03 09:35:00,EQ_005,74.95440501677898,0.48168033812796124,123.61661061247017,0
2025-01-03 09:40:00,EQ_004,80.42947782915789,0.553450564848055,137.61188124867374,0
2025-01-03 09:45:00,EQ_001,77.37349116439977,0.5887655425873837,119.99686327388225,0
2025-01-03 09:50:00,EQ_001,74.87486520627428,0.46793323744428084,108.181258745792,0
2025-01-03 09:55:00,EQ_002,79.08883149600143,0.6795211355912323,124.49473912832306,0
2025-01-03 10:00:00,EQ_004,81.95103774508657,0.5230070759191402,140.86047049537115,1
2025-01-03 10:05:00,EQ_002,77.78905153175931,0.5497743089091395,109.85240506814148,0
2025-01-03 10:10:00,EQ_002,75.0517630992169,0.5665924252054462,116.38537233306015,0
2025-01-03 10:15:00,EQ_002,68.4408188382492,0.5421586610614456,124.16446038101452,0
2025-01-03 10:20:00,EQ_003,69.67443168462313,0.5838940500469613,119.4609515099426,0
2025-01-03 10:25:00,EQ_003,73.47387647822666,0.43827468134530767,110.17696419622686,0
2025-01-03 10:30:00,EQ_002,71.95243898920359,0.44416982460539695,131.2185785623047,1
2025-01-03 10:35:00,EQ_004,74.06514348507277,0.3899845767028305,143.2004072201726,0
2025-01-03 10:40:00,EQ_001,75.28324962448553,0.5439501230620226,121.96131459023907,0
2025-01-03 10:45:00,EQ_004,77.64846377178365,0.5778936503512114,110.95931710264,0
2025-01-03 10:50:00,EQ_005,74.64750610970454,0.5457772866151885,104.51039474946525,0
2025-01-03 10:55:00,EQ_003,77.43250821913101,0.6674492433347538,122.5797598122118,0
2025-01-03 11:00:00,EQ_001,75.3223720740506,0.49944039811709534,131.0387734331626,0
2025-01-03 11:05:00,EQ_001,65.12266716823065,0.5668741655592513,124.75167746495381,0
2025-01-03 11:10:00,EQ_005,70.30332303090623,0.39082991238606857,119.97596159081147,0
2025-01-03 11:15:00,EQ_005,74.27956222139193,0.4612900297525599,114.10728348210694,0
2025-01-03 11:20:00,EQ_002,68.95152628579446,0.5695537757565777,109.07836367281911,0
2025-01-03 11:25:00,EQ_003,77.99964364998102,0.5849102110743144,128.34751326324883,0
2025-01-03 11:30:00,EQ_003,82.65375416171848,0.4706033052335818,129.13771621385587,0
2025-01-03 11:35:00,EQ_004,81.09380925848659,0.49284007481419334,104.54270213309266,0
2025-01-03 11:40:00,EQ_002,73.93278564534896,0.34821262533191905,135.89838978180683,0
2025-01-03 11:45:00,EQ_002,82.45363068424976,0.46429707991933905,125.74071220894001,0
2025-01-03 11:50:00,EQ_002,75.74333728601056,0.5890383163519786,133.99594645145794,0
2025-01-03 11:55:00,EQ_002,73.3145701444098,0.5575205016106566,106.57872251514885,0
2025-01-03 12:00:00,EQ_003,71.93298668229531,0.5500665721381209,106.34175844584561,0
2025-01-03 12:05:00,EQ_003,73.48765156755935,0.504977368718096,118.51030690232703,0
2025-01-03 12:10:00,EQ_002,73.05911590729386,0.5007063158628177,125.02784426895194,0
2025-01-03 12:15:00,EQ_004,75.85208111187744,0.4339678860526553,137.96360822926962,0
2025-01-03 12:20:00,EQ_001,75.80286990524932,0.5698828420202535,127.06078913815132,0
2025-01-03 12:25:00,EQ_001,75.01523010076707,0.542097294438939,117.57318723187967,0
2025-01-03 12:30:00,EQ_004,77.18469084873175,0.5492018847992799,109.73630792334107,0
2025-01-03 12:35:00,EQ_002,80.9532313739317,0.44739651573324196,132.3000057271915,0
2025-01-03 12:40:00,EQ_003,79.74777067720662,0.28466570801287555,110.35294574249285,0
2025-01-03 12:45:00,EQ_001,67.57551015775049,0.6097152711753696,136.28468554772323,1
2025-01-03 12:50:00,EQ_005,62.230394325490224,0.4521162543991596,117.1561535039349,0
2025-01-03 12:55:00,EQ_005,79.67159955619637,0.41372242359568795,135.9058207261785,0
2025-01-03 13:00:00,EQ_004,68.16560650792289,0.5693478911913994,126.78931290059279,0
2025-01-03 13:05:00,EQ_002,73.87617299053659,0.460798736008087,118.63004510557542,1
2025-01-03 13:10:00,EQ_001,69.1494348697032,0.6059936384046622,114.80603628173873,0
2025-01-03 13:15:00,EQ_002,65.9900978120999,0.5617005949576698,116.59092122653921,0
2025-01-03 13:20:00,EQ_001,77.70731364102394,0.5683569323200478,124.28316692375238,0
2025-01-03 13:25:00,EQ_004,78.79577580151323,0.36340442887994656,120.77156496217717,0
2025-01-03 13:30:00,EQ_004,72.11744799636641,0.6211943985386401,114.06188591931294,0
2025-01-03 13:35:00,EQ_005,62.04478853927545,0.5261250531233856,118.34368589682367,1
2025-01-03 13:40:00,EQ_002,72.26877775873758,0.4630722860753797,120.7857702971915,0
2025-01-03 13:45:00,EQ_005,76.95902002701273,0.5143388467342251,98.71265905585187,0
2025-01-03 13:50:00,EQ_002,67.60544215612936,0.322376476710168,124.58168114788698,0
2025-01-03 13:55:00,EQ_005,75.91679959889578,0.5408652811480671,110.20278775283194,0
2025-01-03 14:00:00,EQ_003,74.92345075413502,0.39706284918179285,108.46667596794255,0
2025-01-03 14:05:00,EQ_003,77.89645749800545,0.36473297141564653,103.1265565288929,0
2025-01-03 14:10:00,EQ_003,75.59790184207077,0.3477640813782109,102.0610750213211,0
2025-01-03 14:15:00,EQ_003,70.13465529559222,0.6112688374989925,106.44552496887711,0
2025-01-03 14:20:00,EQ_001,80.98285750832245,0.4370736606307211,112.9097904236951,0
2025-01-03 14:25:00,EQ_003,74.20735213486515,0.6533727709916499,139.53259137526567,0
2025-01-03 14:30:00,EQ_004,74.86347730245033,0.4464198536947702,114.74120324104796,1
2025-01-03 14:35:00,EQ_004,70.33366020463401,0.32926420424070535,121.77750106268032,0
2025-01-03 14:40:00,EQ_001,72.78358874404245,0.3883475560051341,124.00481386506328,0
2025-01-03 14:45:00,EQ_003,70.5759864298655,0.6235811620006939,121.3106518621585,0
2025-01-03 14:50:00,EQ_003,74.13526970038288,0.48441018220633325,119.22556539274007,0
2025-01-03 14:55:00,EQ_003,83.55854240071172,0.4451712703509399,108.04706236400756,0
2025-01-03 15:00:00,EQ_005,68.14049428534322,0.5160018225852787,134.50927548279213,0
2025-01-03 15:05:00,EQ_002,66.93219301061629,0.5501782736167545,138.07196643637886,0
2025-01-03 15:10:00,EQ_005,82.35585163746805,0.6117398815902461,103.17341305877315,0
2025-01-03 15:15:00,EQ_002,73.95338161424067,0.6448499229892927,109.7597140911362,0
2025-01-03 15:20:00,EQ_003,71.65463630670041,0.4640231354210914,117.20189657622994,1
2025-01-03 15:25:00,EQ_003,80.19952343698039,0.3673952313917962,110.35462205089809,0
2025-01-03 15:30:00,EQ_005,71.97192230131569,0.4586534838876724,125.05965553455866,0
2025-01-03 15:35:00,EQ_005,84.13004856773468,0.5260280506582886,112.71727797593387,0
2025-01-03 15:40:00,EQ_002,78.38962935669635,0.4036241073789389,141.65056067806603,0
2025-01-03 15:45:00,EQ_004,72.56044295927148,0.4042849085104957,131.90548594343596,0
2025-01-03 15:50:00,EQ_002,85.78654106632752,0.5343787881549885,122.12574030632214,0
2025-01-03 15:55:00,EQ_005,71.9714253849833,0.4951347648429549,130.26986263319733,1
2025-01-03 16:00:00,EQ_005,78.71047686004654,0.5032796995411587,131.0590042435731,0
2025-01-03 16:05:00,EQ_001,76.49646290203246,0.42415046652999305,114.36052511941757,0
2025-01-03 16:10:00,EQ_005,81.50870644699398,0.47695992857942326,111.83782755458036,0
2025-01-03 16:15:00,EQ_001,82.80755598363426,0.40757668557316956,120.78143062969647,0
2025-01-03 16:20:00,EQ_004,75.16002074532884,0.5890198411124787,128.61636124497943,0
2025-01-03 16:25:00,EQ_002,71.23291064826908,0.6035249334723752,121.39060398653417,1
2025-01-03 16:30:00,EQ_002,77.29986071469558,0.3153812137761906,104.23003517809002,0
2025-01-03 16:35:00,EQ_001,71.61142315123946,0.407048913980759,111.97175556049157,0
2025-01-03 16:40:00,EQ_002,85.06693623763312,0.3503470744909921,119.26027136405622,0
2025-01-03 16:45:00,EQ_005,75.68267665541369,0.4349976065593102,119.2433439567417,0
2025-01-03 16:50:00,EQ_003,73.17339224343945,0.4916562030209639,139.72542176789807,0
2025-01-03 16:55:00,EQ_001,75.92340152932454,0.355035478030147,106.14012057601002,0
2025-01-03 17:00:00,EQ_002,68.26436855235151,0.4078140186874687,125.05589241835875,0
2025-01-03 17:05:00,EQ_001,70.14192980744674,0.39960426279185013,134.8911310832829,1
2025-01-03 17:10:00,EQ_001,81.00206953972213,0.5207267329398944,142.71449745422797,0
2025-01-03 17:15:00,EQ_003,71.71552860514302,0.506934433703625,115.95602576816039,0
2025-01-03 17:20:00,EQ_005,69.7654450865903,0.42782624466627467,124.914294527202,0
2025-01-03 17:25:00,EQ_001,77.68326376263643,0.5176820872139398,125.69760357198646,0
2025-01-03 17:30:00,EQ_002,80.92852077331499,0.44533199154127345,121.9548173155329,0
2025-01-03 17:35:00,EQ_004,78.59476655332533,0.47283448896739466,119.01154798760695,0
2025-01-03 17:40:00,EQ_001,79.98023842902909,0.6673452090298537,124.35975389500047,0
2025-01-03 17:45:00,EQ_001,71.21602455715269,0.6340461051790348,94.67753914780315,0
2025-01-03 17:50:00,EQ_003,67.89094666629079,0.3700418763072402,126.82069490062631,0
2025-01-03 17:55:00,EQ_005,82.50666825977743,0.5829732417879174,121.26177903661967,0
2025-01-03 18:00:00,EQ_004,73.38660080578933,0.5811396554491592,117.77525103221734,0
2025-01-03 18:05:00,EQ_002,73.74583491772476,0.38517367112473816,140.46862195719558,0
2025-01-03 18:10:00,EQ_004,81.6409707092453,0.5818777643754861,113.25065981209448,0
2025-01-03 18:15:00,EQ_002,77.7811500470033,0.6537931918412553,115.9692401093497,0
2025-01-03 18:20:00,EQ_005,77.27943886040804,0.3877455193755586,139.91553302204733,0
2025-01-03 18:25:00,EQ_002,85.82501172450542,0.4082497178985736,111.67938695150143,0
2025-01-03 18:30:00,EQ_003,71.78240884809928,0.6017661466843502,114.4988471706346,0
2025-01-03 18:35:00,EQ_003,79.63920064040619,0.5271495310825648,118.5297457656915,0
2025-01-03 18:40:00,EQ_003,75.28506562448543,0.5551476275239523,128.40734482129548,0
2025-01-03 18:45:00,EQ_003,76.34296139431629,0.5340589216400496,122.07802507353314,0
2025-01-03 18:50:00,EQ_004,82.64234213206265,0.5390695920928145,107.07374652847737,0
2025-01-03 18:55:00,EQ_005,77.53917878144811,0.3673527871688917,114.67831436872811,1
2025-01-03 19:00:00,EQ_002,77.69148039524816,0.6047317706621449,113.92645566787789,0
2025-01-03 19:05:00,EQ_002,80.362536686549,0.6169589992427773,119.22778954776955,0
2025-01-03 19:10:00,EQ_003,73.17523635228558,0.47706092559319724,124.25843658629829,0
2025-01-03 19:15:00,EQ_003,70.80395166330497,0.49565230501861374,124.18205755887972,0
2025-01-03 19:20:00,EQ_001,69.77595402989483,0.3468892497444278,102.23988245951598,0
2025-01-03 19:25:00,EQ_005,65.16821705311999,0.5514254756017835,130.63940987560855,0
2025-01-03 19:30:00,EQ_004,85.28103564970161,0.5572057441714144,122.52568845996623,0
2025-01-03 19:35:00,EQ_002,69.48395817139158,0.4937808983000689,133.84532047593905,0
2025-01-03 19:40:00,EQ_001,73.89373188207114,0.6124353359870502,124.44198327290673,0
2025-01-03 19:45:00,EQ_001,73.6159335005554,0.46659227690200594,131.01322957735763,0
2025-01-03 19:50:00,EQ_002,76.5370334890455,0.55646059258936,124.66545311450128,0
2025-01-03 19:55:00,EQ_004,79.07868606269648,0.39803356613078844,133.46225756202747,0
2025-01-03 20:00:00,EQ_001,79.30236744179872,0.4976447849125762,125.22250636017779,0
2025-01-03 20:05:00,EQ_001,72.08461280715531,0.48256457420971643,119.02084753557097,1
2025-01-03 20:10:00,EQ_005,74.16439143106794,0.5225307922040942,142.7243472044688,1
2025-01-03 20:15:00,EQ_004,76.4128997524415,0.46304730711666414,128.89037122279893,0
2025-01-03 20:20:00,EQ_001,73.75654436908226,0.4868527404328332,125.73744421004413,0
2025-01-03 20:25:00,EQ_004,83.03672788009996,0.5826047171441506,107.23695583461664,0
2025-01-03 20:30:00,EQ_002,77.45487475819125,0.45632357627617826,107.11692382536462,1
2025-01-03 20:35:00,EQ_003,78.67438893024908,0.339342289926132,122.92715482141854,0
2025-01-03 20:40:00,EQ_001,78.31440634333707,0.6749583904205421,121.45521197768241,0
2025-01-03 20:45:00,EQ_005,80.86736928742663,0.6381454078690487,113.85877434991684,0
2025-01-03 20:50:00,EQ_002,75.90510779351854,0.3707737304894381,121.4098269961206,0
2025-01-03 20:55:00,EQ_004,68.51584026022077,0.5689707805245194,135.88626928043595,0
2025-01-03 21:00:00,EQ_002,76.99843975876321,0.4497025229448657,126.95402474550299,0
2025-01-03 21:05:00,EQ_001,71.74321553104086,0.526348721533106,108.58991490247261,0
2025-01-03 21:10:00,EQ_004,72.35691659125122,0.5294224129013494,118.88491172857056,0
2025-01-03 21:15:00,EQ_003,77.93182009377547,0.4765592199683678,111.9503351914744,0
2025-01-03 21:20:00,EQ_002,81.19141535716818,0.42162343344136033,116.12300083591438,0
2025-01-03 21:25:00,EQ_001,75.1063578836803,0.4309458947683741,115.86384334370358,0
2025-01-03 21:30:00,EQ_005,76.54416506299482,0.40838080845187574,115.22354417395995,0
2025-01-03 21:35:00,EQ_004,83.5110747231762,0.4168177791769555,107.44864628026605,0
2025-01-03 21:40:00,EQ_002,76.20376589744284,0.4932821709950645,118.7234531848181,0
2025-01-03 21:45:00,EQ_002,88.00841557090197,0.4284240010889248,114.3939236315269,0
2025-01-03 21:50:00,EQ_003,77.82754822815772,0.568205206571262,90.70551309997732,1
2025-01-03 21:55:00,EQ_003,66.19618620422091,0.6487246155335927,140.52972024501662,0
2025-01-03 22:00:00,EQ_005,78.76670810552267,0.4419946758629957,130.8876965421667,0
2025-01-03 22:05:00,EQ_005,76.90579192441389,0.5239404500535377,116.23699275075003,0
2025-01-03 22:10:00,EQ_001,81.44876377041373,0.5499685110302934,120.18819049740598,1
2025-01-03 22:15:00,EQ_001,78.36590675634979,0.5472002270919274,108.28345652682438,0
2025-01-03 22:20:00,EQ_005,74.30772008008113,0.5075955267916087,136.95722877810866,0
2025-01-03 22:25:00,EQ_005,68.87850881855317,0.5742682418359722,138.97288694773113,0
2025-01-03 22:30:00,EQ_004,73.95488371356987,0.5482248952680657,121.56693728246525,0
2025-01-03 22:35:00,EQ_003,70.7473977289535,0.3762337577672702,130.23530644185345,0
2025-01-03 22:40:00,EQ_001,72.09738275097638,0.5869156064389274,121.75286778933923,0
2025-01-03 22:45:00,EQ_003,77.94289202210305,0.5887290837266742,106.6327456112407,0
2025-01-03 22:50:00,EQ_003,83.34952252175702,0.42367138958214184,115.88176631036343,0
2025-01-03 22:55:00,EQ_005,76.9733576491149,0.5037937835447602,121.31927966771957,0
2025-01-03 23:00:00,EQ_004,69.02058468982408,0.568332899281107,115.45452281256556,0
2025-01-03 23:05:00,EQ_002,77.22301334110071,0.47906861804206385,117.81346722564965,0
2025-01-03 23:10:00,EQ_004,80.98315743322826,0.6072978047766012,119.08600442490885,0
2025-01-03 23:15:00,EQ_004,71.95108547840309,0.7363872494619361,119.19121502134539,0
2025-01-03 23:20:00,EQ_003,74.3299141666354,0.4214013967365018,120.52258490497483,0
2025-01-03 23:25:00,EQ_004,75.07344097364599,0.3618955396846225,109.39394933603398,0
2025-01-03 23:30:00,EQ_001,71.0755084345888,0.5303818595604876,112.82983850872064,0
2025-01-03 23:35:00,EQ_003,78.2414021692193,0.5721562505126143,107.1541573430003,1
2025-01-03 23:40:00,EQ_001,74.3952592569611,0.4769133626155231,129.778155496862,0
2025-01-03 23:45:00,EQ_002,77.09766221953514,0.6453260663321034,98.94353058159675,0
2025-01-03 23:50:00,EQ_003,70.5625391109895,0.3661394200276751,131.53590343316927,0
2025-01-03 23:55:00,EQ_002,72.81270849838295,0.5692918623031611,133.86349397262842,0
2025-01-04 00:00:00,EQ_003,78.61190678913886,0.43941391792411066,116.97819413017379,0
2025-01-04 00:05:00,EQ_005,73.13583423954117,0.6719377906207297,93.96862912172702,0
2025-01-04 00:10:00,EQ_004,83.63481925616702,0.6992515353168118,116.38689438032709,0
2025-01-04 00:15:00,EQ_005,73.00181907192699,0.4233343412216652,119.35815838711181,0
2025-01-04 00:20:00,EQ_002,76.12342362875943,0.44504428640914195,109.89401780071087,0
2025-01-04 00:25:00,EQ_004,79.66295415936546,0.5859587886979802,114.84781606191757,0
2025-01-04 00:30:00,EQ_003,67.90817133533484,0.46128693502104856,135.3019519886335,0
2025-01-04 00:35:00,EQ_004,66.19595594009613,0.4954588782067762,126.64927162301741,0
2025-01-04 00:40:00,EQ_001,67.37171842714953,0.502538842054241,110.754358856219,0
2025-01-04 00:45:00,EQ_004,81.31292051713591,0.30803268438023435,104.02400830404568,0
2025-01-04 00:50:00,EQ_001,72.24070927053776,0.49861622539057626,116.72982682390229,1
2025-01-04 00:55:00,EQ_004,87.79099642834126,0.4310272225935826,117.86543220649561,1
2025-01-04 01:00:00,EQ_001,72.17876200671306,0.4506877177600228,124.96199187363317,0
2025-01-04 01:05:00,EQ_002,75.92275651598518,0.6443632003468814,114.64683287432341,0
2025-01-04 01:10:00,EQ_005,82.71054976283938,0.3743493105720743,125.11499575361862,0
2025-01-04 01:15:00,EQ_003,85.03046444079561,0.5813205186747977,139.3515404006023,0
2025-01-04 01:20:00,EQ_004,85.30751788318199,0.47210370696681914,128.15501022444263,0
2025-01-04 01:25:00,EQ_005,81.04183115296571,0.47202398315041655,119.51911492669227,0
2025-01-04 01:30:00,EQ_003,80.12031262905731,0.5790371896051711,118.16849528946705,0
2025-01-04 01:35:00,EQ_003,77.96263474600592,0.534005129456889,116.43326865820129,0
2025-01-04 01:40:00,EQ_001,78.89180538083319,0.5570612997219531,131.80640912452145,0
2025-01-04 01:45:00,EQ_002,72.24407141835734,0.5968184660532861,113.72686554048697,0
2025-01-04 01:50:00,EQ_002,70.90900558288847,0.4668691616816677,120.45222708999982,0
2025-01-04 01:55:00,EQ_005,74.98312771294523,0.43877632654922494,120.51197901881085,0
2025-01-04 02:00:00,EQ_002,74.14907688737536,0.3914849473442202,114.98215807188468,0
2025-01-04 02:05:00,EQ_004,72.73385975336362,0.4174589470021045,106.27534452115898,0
2025-01-04 02:10:00,EQ_002,78.48193723728357,0.7949094425308725,123.22974503617668,0
2025-01-04 02:15:00,EQ_005,79.77652604285255,0.6244679580736787,119.38996028144616,0
2025-01-04 02:20:00,EQ_002,75.44203443145923,0.36489256337919784,125.0024046943657,0
2025-01-04 02:25:00,EQ_004,82.3876504052763,0.367754204325643,114.66399693560834,0
2025-01-04 02:30:00,EQ_001,69.29155442933248,0.5481866061718491,132.20821298813047,0
2025-01-04 02:35:00,EQ_005,74.03170270360141,0.5547264797377967,111.23226218788156,0
2025-01-04 02:40:00,EQ_001,71.41588839698598,0.5548883835317364,137.12040284017894,0
2025-01-04 02:45:00,EQ_001,65.6673169146347,0.4745044206446302,102.52363490171739,0
2025-01-04 02:50:00,EQ_001,74.5865965707865,0.48745457399971,124.3477006455689,0
2025-01-04 02:55:00,EQ_003,74.39126245808359,0.5327879524159358,124.75430682526624,0
2025-01-04 03:00:00,EQ_003,82.56724871621066,0.508589300629333,112.04442932059118,0
2025-01-04 03:05:00,EQ_001,78.15405842277389,0.2780699627252465,124.24393937861012,1
2025-01-04 03:10:00,EQ_005,69.87906587835397,0.47702003694248063,132.7951866976016,0
2025-01-04 03:15:00,EQ_004,84.27046283167094,0.41485935657396866,97.83181160645935,0
2025-01-04 03:20:00,EQ_004,81.10516847762676,0.5175211418908512,125.02744807490815,0
2025-01-04 03:25:00,EQ_002,77.91048851734308,0.7985259002603411,95.06729179669922,0
2025-01-04 03:30:00,EQ_005,73.86757950575084,0.5367481665474304,110.34335196476792,0
2025-01-04 03:35:00,EQ_003,70.2028038163826,0.4686470313827602,136.29166364900945,0
2025-01-04 03:40:00,EQ_001,73.13896611964473,0.5921801501977252,114.18217966607946,0
2025-01-04 03:45:00,EQ_002,80.44374309852093,0.5482687887209212,108.26120035591028,0
2025-01-04 03:50:00,EQ_004,84.42293152967305,0.5420094490451841,118.02062271015318,0
2025-01-04 03:55:00,EQ_003,82.71621764136094,0.5606850593215671,140.67906338163553,0
2025-01-04 04:00:00,EQ_003,72.55575289106864,0.7056543564829542,101.68317752793973,0
2025-01-04 04:05:00,EQ_001,69.40191283355495,0.3869111564674084,109.48690088360655,0
2025-01-04 04:10:00,EQ_004,75.70443123455603,0.5473632076811454,134.97431683179627,0
2025-01-04 04:15:00,EQ_005,66.15780317218574,0.40736188700184617,138.57702343537733,0
2025-01-04 04:20:00,EQ_003,76.61583857092391,0.5555512646342249,118.96568775709716,0
2025-01-04 04:25:00,EQ_001,74.26198706850666,0.4081313488513906,107.60947297473358,0
2025-01-04 04:30:00,EQ_005,72.66981749065879,0.45826331863949155,140.9584350180916,0
2025-01-04 04:35:00,EQ_004,67.02648466366603,0.47049100857620935,135.94442391749197,0
2025-01-04 04:40:00,EQ_003,77.56800053284859,0.5975816719344709,126.78946987762232,0
2025-01-04 04:45:00,EQ_005,72.33649580169045,0.5918454443942414,111.8759765106258,0
2025-01-04 04:50:00,EQ_005,69.15041582144856,0.37542826235536153,119.50970659161963,0
2025-01-04 04:55:00,EQ_005,60.63868893359175,0.5054934110999849,118.39639918955169,0
2025-01-04 05:00:00,EQ_003,74.86242547474681,0.4290420145250827,123.30851304615578,0
2025-01-04 05:05:00,EQ_003,83.86125798334872,0.37414950893246657,134.51001438131337,0
2025-01-04 05:10:00,EQ_002,83.30629607273934,0.47829829495756293,128.79417041137404,0
2025-01-04 05:15:00,EQ_004,72.71451871706864,0.46915172115441806,109.22623923015242,0
2025-01-04 05:20:00,EQ_001,71.9889396981911,0.7426716486345523,133.7649645001954,0
2025-01-04 05:25:00,EQ_005,77.34387128037511,0.5432959825360696,123.13132140013155,0
2025-01-04 05:30:00,EQ_002,70.00807280405854,0.36223824992457626,126.87065795858916,0
2025-01-04 05:35:00,EQ_001,76.50895949909733,0.44352259958290574,134.66540859278604,0
2025-01-04 05:40:00,EQ_002,78.83040139192344,0.6021383295429399,108.88419750486449,0
2025-01-04 05:45:00,EQ_003,81.13466611942154,0.7088442772869925,119.64174421293536,0
2025-01-04 05:50:00,EQ_005,74.49922961760024,0.34140166877620415,114.68545448640785,0
2025-01-04 05:55:00,EQ_001,73.98163124911517,0.3120075614860955,104.32140574634545,0
2025-01-04 06:00:00,EQ_001,70.61008706621719,0.6870965175371783,123.4670997760492,0
2025-01-04 06:05:00,EQ_001,70.8655982298007,0.5389614177370904,145.11556551584422,0
2025-01-04 06:10:00,EQ_001,73.86760554049236,0.41317072681236333,101.59922255494247,0
2025-01-04 06:15:00,EQ_001,76.8368275340809,0.5534629086122436,119.67719388950529,0
2025-01-04 06:20:00,EQ_002,79.56792313116625,0.23642522609831224,126.40542935074774,0
2025-01-04 06:25:00,EQ_005,70.98410524659828,0.5003375506597161,121.23078201656182,0
2025-01-04 06:30:00,EQ_003,82.46344284479761,0.5327821172843086,118.86871947484259,0
2025-01-04 06:35:00,EQ_003,73.64438199478715,0.5924270139537829,107.00783636554176,0
2025-01-04 06:40:00,EQ_003,74.89316352825782,0.3986104047707462,122.32786742940164,0
2025-01-04 06:45:00,EQ_003,71.26394160426088,0.5085687161403359,112.43236022984074,0
2025-01-04 06:50:00,EQ_002,62.87879869863529,0.4074575373940413,98.10078295021447,0
2025-01-04 06:55:00,EQ_004,79.42022698180524,0.5255383755674317,131.94592220513732,0
2025-01-04 07:00:00,EQ_005,78.68421948546217,0.4104653677636976,129.58385819842042,0
2025-01-04 07:05:00,EQ_001,73.59336221440893,0.45918991608397797,120.5166097685108,0
2025-01-04 07:10:00,EQ_004,75.33495358612436,0.40041846052097707,122.29074688205702,0
2025-01-04 07:15:00,EQ_003,77.57969608852049,0.5651136241823657,130.74318012715563,0
2025-01-04 07:20:00,EQ_004,67.18727071556728,0.5858451116656666,122.24339656778082,0
2025-01-04 07:25:00,EQ_005,72.35473661326853,0.4765379430042586,129.04017554761313,0
2025-01-04 07:30:00,EQ_001,78.97132339810913,0.5038237994960029,117.0251779912615,0
2025-01-04 07:35:00,EQ_001,68.72855288415376,0.35514085853664557,133.11983738573946,0
2025-01-04 07:40:00,EQ_005,76.46778966083315,0.4700323351993213,123.20785725932684,0
2025-01-04 07:45:00,EQ_005,68.21709097688297,0.4949795382958255,121.94051943605874,0
2025-01-04 07:50:00,EQ_003,77.33214991216764,0.7620793091029976,107.29938911287968,0
2025-01-04 07:55:00,EQ_001,74.82179258851258,0.3888032974225836,122.86955854301709,0
2025-01-04 08:00:00,EQ_004,66.92434092047245,0.6464177238752438,111.68045082505549,0
2025-01-04 08:05:00,EQ_002,80.82369677228586,0.5996858773465807,113.61717273471506,0
2025-01-04 08:10:00,EQ_002,71.32704211600975,0.5280636404490137,111.84624371683879,0
2025-01-04 08:15:00,EQ_005,70.9487378149281,0.6758620484195134,109.33765068100774,0
2025-01-04 08:20:00,EQ_003,76.00284598615471,0.5372105472606863,141.24771403016962,0
2025-01-04 08:25:00,EQ_002,80.74318674714358,0.5389159195667929,133.31339061988405,0
2025-01-04 08:30:00,EQ_001,69.92089090510801,0.49468793469824546,139.20367502144262,0
2025-01-04 08:35:00,EQ_005,75.30839924923986,0.6223568882418627,107.77104980444436,0
2025-01-04 08:40:00,EQ_004,77.14408250165286,0.6096469233810884,120.71253749910892,0
2025-01-04 08:45:00,EQ_005,78.46552803631572,0.43743227125037876,107.06492374795904,0
2025-01-04 08:50:00,EQ_004,75.88220777638612,0.3680752805401233,113.04305122802936,0
2025-01-04 08:55:00,EQ_005,73.16486080458338,0.4797019362604343,110.81873016583425,0
2025-01-04 09:00:00,EQ_005,70.8620488967564,0.41999614356023535,132.3958400644156,0
2025-01-04 09:05:00,EQ_005,75.43071941523188,0.4936475425384645,116.0377032189824,0
2025-01-04 09:10:00,EQ_004,69.63930494007197,0.6237438134684139,130.68379333694017,0
2025-01-04 09:15:00,EQ_004,60.39324758252697,0.45426983449132097,126.04120889588518,0
2025-01-04 09:20:00,EQ_005,77.18279902078834,0.49571766186884253,143.03638752104789,0
2025-01-04 09:25:00,EQ_002,79.51967420543097,0.5058022734808395,105.20555776860276,1
2025-01-04 09:30:00,EQ_003,63.185337822290805,0.5848430882205284,132.59233239786798,0
2025-01-04 09:35:00,EQ_003,69.95134647645031,0.2753110666015395,131.46440870400727,0
2025-01-04 09:40:00,EQ_003,78.09577130502599,0.43932997052347034,110.26621161972966,0
2025-01-04 09:45:00,EQ_004,85.2874773485585,0.5211283692279473,130.0713333647316,0
2025-01-04 09:50:00,EQ_004,75.10396853837705,0.6200078956426861,123.36144963026229,0
2025-01-04 09:55:00,EQ_002,71.35998529385432,0.4508097552493795,117.72523740046593,0
2025-01-04 10:00:00,EQ_003,74.0855177944758,0.3123447293958126,111.76064513028001,0
2025-01-04 10:05:00,EQ_003,81.87438209574093,0.5619711445966136,112.80890548550813,1
2025-01-04 10:10:00,EQ_005,71.77017910437732,0.43646376111743707,140.49812095785927,1
2025-01-04 10:15:00,EQ_004,71.00403996674873,0.38103333409096385,120.00682818957483,0
2025-01-04 10:20:00,EQ_003,72.58628238908983,0.4375654610286776,127.82130001531459,0
2025-01-04 10:25:00,EQ_002,70.23335695870644,0.481547464234415,112.09100618332447,0
2025-01-04 10:30:00,EQ_002,75.61335157997398,0.43952553354617874,112.2014705377836,0
2025-01-04 10:35:00,EQ_003,83.1233922923478,0.2794433942900931,130.81984809249943,0
2025-01-04 10:40:00,EQ_004,76.61539636558014,0.5897066196887132,106.50423788448468,0
2025-01-04 10:45:00,EQ_002,73.73823248936856,0.6274875041278722,115.84786232094729,1
2025-01-04 10:50:00,EQ_005,73.54094365542228,0.5651521991339505,120.34027411072232,0
2025-01-04 10:55:00,EQ_002,67.18404595651671,0.38623143295751833,121.11372601840053,0
2025-01-04 11:00:00,EQ_001,79.4155488857358,0.4798508466052482,118.20906714983843,0
2025-01-04 11:05:00,EQ_001,74.610814014936,0.4993478684770542,123.95819781095923,0
2025-01-04 11:10:00,EQ_004,74.09760043204687,0.559879438956191,126.92855755817811,0
2025-01-04 11:15:00,EQ_003,90.96553783922431,0.5668340488718081,127.3463754545933,0
